[load] 17.17 GB
[WARNING] Generating with a model that requires 16378 MB which is close to the maximum recommended size of 18186 MB. This can be slow. See the documentation for possible work-arounds: https://github.com/ml-explore/mlx-lm/tree/main#large-models
[WARNING] Generating with a model that requires 16378 MB which is close to the maximum recommended size of 18186 MB. This can be slow. See the documentation for possible work-arounds: https://github.com/ml-explore/mlx-lm/tree/main#large-models
[WARNING] Generating with a model that requires 16378 MB which is close to the maximum recommended size of 18186 MB. This can be slow. See the documentation for possible work-arounds: https://github.com/ml-explore/mlx-lm/tree/main#large-models
[WARNING] Generating with a model that requires 16378 MB which is close to the maximum recommended size of 18186 MB. This can be slow. See the documentation for possible work-arounds: https://github.com/ml-explore/mlx-lm/tree/main#large-models
[WARNING] Generating with a model that requires 16378 MB which is close to the maximum recommended size of 18186 MB. This can be slow. See the documentation for possible work-arounds: https://github.com/ml-explore/mlx-lm/tree/main#large-models
[WARNING] Generating with a model that requires 16378 MB which is close to the maximum recommended size of 18186 MB. This can be slow. See the documentation for possible work-arounds: https://github.com/ml-explore/mlx-lm/tree/main#large-models
[WARNING] Generating with a model that requires 16378 MB which is close to the maximum recommended size of 18186 MB. This can be slow. See the documentation for possible work-arounds: https://github.com/ml-explore/mlx-lm/tree/main#large-models
[WARNING] Generating with a model that requires 16378 MB which is close to the maximum recommended size of 18186 MB. This can be slow. See the documentation for possible work-arounds: https://github.com/ml-explore/mlx-lm/tree/main#large-models
[WARNING] Generating with a model that requires 16378 MB which is close to the maximum recommended size of 18186 MB. This can be slow. See the documentation for possible work-arounds: https://github.com/ml-explore/mlx-lm/tree/main#large-models
[WARNING] Generating with a model that requires 16378 MB which is close to the maximum recommended size of 18186 MB. This can be slow. See the documentation for possible work-arounds: https://github.com/ml-explore/mlx-lm/tree/main#large-models
  math500 10/100: 10 ok
[WARNING] Generating with a model that requires 16378 MB which is close to the maximum recommended size of 18186 MB. This can be slow. See the documentation for possible work-arounds: https://github.com/ml-explore/mlx-lm/tree/main#large-models
[WARNING] Generating with a model that requires 16378 MB which is close to the maximum recommended size of 18186 MB. This can be slow. See the documentation for possible work-arounds: https://github.com/ml-explore/mlx-lm/tree/main#large-models
[WARNING] Generating with a model that requires 16378 MB which is close to the maximum recommended size of 18186 MB. This can be slow. See the documentation for possible work-arounds: https://github.com/ml-explore/mlx-lm/tree/main#large-models
[WARNING] Generating with a model that requires 16378 MB which is close to the maximum recommended size of 18186 MB. This can be slow. See the documentation for possible work-arounds: https://github.com/ml-explore/mlx-lm/tree/main#large-models
[WARNING] Generating with a model that requires 16378 MB which is close to the maximum recommended size of 18186 MB. This can be slow. See the documentation for possible work-arounds: https://github.com/ml-explore/mlx-lm/tree/main#large-models
[WARNING] Generating with a model that requires 16378 MB which is close to the maximum recommended size of 18186 MB. This can be slow. See the documentation for possible work-arounds: https://github.com/ml-explore/mlx-lm/tree/main#large-models
[WARNING] Generating with a model that requires 16378 MB which is close to the maximum recommended size of 18186 MB. This can be slow. See the documentation for possible work-arounds: https://github.com/ml-explore/mlx-lm/tree/main#large-models
[WARNING] Generating with a model that requires 16378 MB which is close to the maximum recommended size of 18186 MB. This can be slow. See the documentation for possible work-arounds: https://github.com/ml-explore/mlx-lm/tree/main#large-models
[WARNING] Generating with a model that requires 16378 MB which is close to the maximum recommended size of 18186 MB. This can be slow. See the documentation for possible work-arounds: https://github.com/ml-explore/mlx-lm/tree/main#large-models
[WARNING] Generating with a model that requires 16378 MB which is close to the maximum recommended size of 18186 MB. This can be slow. See the documentation for possible work-arounds: https://github.com/ml-explore/mlx-lm/tree/main#large-models
  math500 20/100: 19 ok
[WARNING] Generating with a model that requires 16378 MB which is close to the maximum recommended size of 18186 MB. This can be slow. See the documentation for possible work-arounds: https://github.com/ml-explore/mlx-lm/tree/main#large-models
[WARNING] Generating with a model that requires 16378 MB which is close to the maximum recommended size of 18186 MB. This can be slow. See the documentation for possible work-arounds: https://github.com/ml-explore/mlx-lm/tree/main#large-models
[WARNING] Generating with a model that requires 16378 MB which is close to the maximum recommended size of 18186 MB. This can be slow. See the documentation for possible work-arounds: https://github.com/ml-explore/mlx-lm/tree/main#large-models
[WARNING] Generating with a model that requires 16378 MB which is close to the maximum recommended size of 18186 MB. This can be slow. See the documentation for possible work-arounds: https://github.com/ml-explore/mlx-lm/tree/main#large-models
[WARNING] Generating with a model that requires 16378 MB which is close to the maximum recommended size of 18186 MB. This can be slow. See the documentation for possible work-arounds: https://github.com/ml-explore/mlx-lm/tree/main#large-models
[WARNING] Generating with a model that requires 16378 MB which is close to the maximum recommended size of 18186 MB. This can be slow. See the documentation for possible work-arounds: https://github.com/ml-explore/mlx-lm/tree/main#large-models
[WARNING] Generating with a model that requires 16378 MB which is close to the maximum recommended size of 18186 MB. This can be slow. See the documentation for possible work-arounds: https://github.com/ml-explore/mlx-lm/tree/main#large-models
[WARNING] Generating with a model that requires 16378 MB which is close to the maximum recommended size of 18186 MB. This can be slow. See the documentation for possible work-arounds: https://github.com/ml-explore/mlx-lm/tree/main#large-models
[WARNING] Generating with a model that requires 16378 MB which is close to the maximum recommended size of 18186 MB. This can be slow. See the documentation for possible work-arounds: https://github.com/ml-explore/mlx-lm/tree/main#large-models
[WARNING] Generating with a model that requires 16378 MB which is close to the maximum recommended size of 18186 MB. This can be slow. See the documentation for possible work-arounds: https://github.com/ml-explore/mlx-lm/tree/main#large-models
  math500 30/100: 27 ok
[WARNING] Generating with a model that requires 16378 MB which is close to the maximum recommended size of 18186 MB. This can be slow. See the documentation for possible work-arounds: https://github.com/ml-explore/mlx-lm/tree/main#large-models
[WARNING] Generating with a model that requires 16378 MB which is close to the maximum recommended size of 18186 MB. This can be slow. See the documentation for possible work-arounds: https://github.com/ml-explore/mlx-lm/tree/main#large-models
[WARNING] Generating with a model that requires 16378 MB which is close to the maximum recommended size of 18186 MB. This can be slow. See the documentation for possible work-arounds: https://github.com/ml-explore/mlx-lm/tree/main#large-models
[WARNING] Generating with a model that requires 16378 MB which is close to the maximum recommended size of 18186 MB. This can be slow. See the documentation for possible work-arounds: https://github.com/ml-explore/mlx-lm/tree/main#large-models
[WARNING] Generating with a model that requires 16378 MB which is close to the maximum recommended size of 18186 MB. This can be slow. See the documentation for possible work-arounds: https://github.com/ml-explore/mlx-lm/tree/main#large-models
[WARNING] Generating with a model that requires 16378 MB which is close to the maximum recommended size of 18186 MB. This can be slow. See the documentation for possible work-arounds: https://github.com/ml-explore/mlx-lm/tree/main#large-models
[WARNING] Generating with a model that requires 16378 MB which is close to the maximum recommended size of 18186 MB. This can be slow. See the documentation for possible work-arounds: https://github.com/ml-explore/mlx-lm/tree/main#large-models
[WARNING] Generating with a model that requires 16378 MB which is close to the maximum recommended size of 18186 MB. This can be slow. See the documentation for possible work-arounds: https://github.com/ml-explore/mlx-lm/tree/main#large-models
[WARNING] Generating with a model that requires 16378 MB which is close to the maximum recommended size of 18186 MB. This can be slow. See the documentation for possible work-arounds: https://github.com/ml-explore/mlx-lm/tree/main#large-models
[WARNING] Generating with a model that requires 16378 MB which is close to the maximum recommended size of 18186 MB. This can be slow. See the documentation for possible work-arounds: https://github.com/ml-explore/mlx-lm/tree/main#large-models
  math500 40/100: 36 ok
[WARNING] Generating with a model that requires 16378 MB which is close to the maximum recommended size of 18186 MB. This can be slow. See the documentation for possible work-arounds: https://github.com/ml-explore/mlx-lm/tree/main#large-models
[WARNING] Generating with a model that requires 16378 MB which is close to the maximum recommended size of 18186 MB. This can be slow. See the documentation for possible work-arounds: https://github.com/ml-explore/mlx-lm/tree/main#large-models
[WARNING] Generating with a model that requires 16378 MB which is close to the maximum recommended size of 18186 MB. This can be slow. See the documentation for possible work-arounds: https://github.com/ml-explore/mlx-lm/tree/main#large-models
[WARNING] Generating with a model that requires 16378 MB which is close to the maximum recommended size of 18186 MB. This can be slow. See the documentation for possible work-arounds: https://github.com/ml-explore/mlx-lm/tree/main#large-models
[WARNING] Generating with a model that requires 16378 MB which is close to the maximum recommended size of 18186 MB. This can be slow. See the documentation for possible work-arounds: https://github.com/ml-explore/mlx-lm/tree/main#large-models
[WARNING] Generating with a model that requires 16378 MB which is close to the maximum recommended size of 18186 MB. This can be slow. See the documentation for possible work-arounds: https://github.com/ml-explore/mlx-lm/tree/main#large-models
[WARNING] Generating with a model that requires 16378 MB which is close to the maximum recommended size of 18186 MB. This can be slow. See the documentation for possible work-arounds: https://github.com/ml-explore/mlx-lm/tree/main#large-models
[WARNING] Generating with a model that requires 16378 MB which is close to the maximum recommended size of 18186 MB. This can be slow. See the documentation for possible work-arounds: https://github.com/ml-explore/mlx-lm/tree/main#large-models
[WARNING] Generating with a model that requires 16378 MB which is close to the maximum recommended size of 18186 MB. This can be slow. See the documentation for possible work-arounds: https://github.com/ml-explore/mlx-lm/tree/main#large-models
[WARNING] Generating with a model that requires 16378 MB which is close to the maximum recommended size of 18186 MB. This can be slow. See the documentation for possible work-arounds: https://github.com/ml-explore/mlx-lm/tree/main#large-models
  math500 50/100: 41 ok
[WARNING] Generating with a model that requires 16378 MB which is close to the maximum recommended size of 18186 MB. This can be slow. See the documentation for possible work-arounds: https://github.com/ml-explore/mlx-lm/tree/main#large-models
[WARNING] Generating with a model that requires 16378 MB which is close to the maximum recommended size of 18186 MB. This can be slow. See the documentation for possible work-arounds: https://github.com/ml-explore/mlx-lm/tree/main#large-models
[WARNING] Generating with a model that requires 16378 MB which is close to the maximum recommended size of 18186 MB. This can be slow. See the documentation for possible work-arounds: https://github.com/ml-explore/mlx-lm/tree/main#large-models
[WARNING] Generating with a model that requires 16378 MB which is close to the maximum recommended size of 18186 MB. This can be slow. See the documentation for possible work-arounds: https://github.com/ml-explore/mlx-lm/tree/main#large-models
[WARNING] Generating with a model that requires 16378 MB which is close to the maximum recommended size of 18186 MB. This can be slow. See the documentation for possible work-arounds: https://github.com/ml-explore/mlx-lm/tree/main#large-models
[WARNING] Generating with a model that requires 16378 MB which is close to the maximum recommended size of 18186 MB. This can be slow. See the documentation for possible work-arounds: https://github.com/ml-explore/mlx-lm/tree/main#large-models
[WARNING] Generating with a model that requires 16378 MB which is close to the maximum recommended size of 18186 MB. This can be slow. See the documentation for possible work-arounds: https://github.com/ml-explore/mlx-lm/tree/main#large-models
[WARNING] Generating with a model that requires 16378 MB which is close to the maximum recommended size of 18186 MB. This can be slow. See the documentation for possible work-arounds: https://github.com/ml-explore/mlx-lm/tree/main#large-models
[WARNING] Generating with a model that requires 16378 MB which is close to the maximum recommended size of 18186 MB. This can be slow. See the documentation for possible work-arounds: https://github.com/ml-explore/mlx-lm/tree/main#large-models
[WARNING] Generating with a model that requires 16378 MB which is close to the maximum recommended size of 18186 MB. This can be slow. See the documentation for possible work-arounds: https://github.com/ml-explore/mlx-lm/tree/main#large-models
  math500 60/100: 49 ok
[WARNING] Generating with a model that requires 16378 MB which is close to the maximum recommended size of 18186 MB. This can be slow. See the documentation for possible work-arounds: https://github.com/ml-explore/mlx-lm/tree/main#large-models
[WARNING] Generating with a model that requires 16378 MB which is close to the maximum recommended size of 18186 MB. This can be slow. See the documentation for possible work-arounds: https://github.com/ml-explore/mlx-lm/tree/main#large-models
[WARNING] Generating with a model that requires 16378 MB which is close to the maximum recommended size of 18186 MB. This can be slow. See the documentation for possible work-arounds: https://github.com/ml-explore/mlx-lm/tree/main#large-models
[WARNING] Generating with a model that requires 16378 MB which is close to the maximum recommended size of 18186 MB. This can be slow. See the documentation for possible work-arounds: https://github.com/ml-explore/mlx-lm/tree/main#large-models
[WARNING] Generating with a model that requires 16378 MB which is close to the maximum recommended size of 18186 MB. This can be slow. See the documentation for possible work-arounds: https://github.com/ml-explore/mlx-lm/tree/main#large-models
[WARNING] Generating with a model that requires 16378 MB which is close to the maximum recommended size of 18186 MB. This can be slow. See the documentation for possible work-arounds: https://github.com/ml-explore/mlx-lm/tree/main#large-models
[WARNING] Generating with a model that requires 16378 MB which is close to the maximum recommended size of 18186 MB. This can be slow. See the documentation for possible work-arounds: https://github.com/ml-explore/mlx-lm/tree/main#large-models
[WARNING] Generating with a model that requires 16378 MB which is close to the maximum recommended size of 18186 MB. This can be slow. See the documentation for possible work-arounds: https://github.com/ml-explore/mlx-lm/tree/main#large-models
[WARNING] Generating with a model that requires 16378 MB which is close to the maximum recommended size of 18186 MB. This can be slow. See the documentation for possible work-arounds: https://github.com/ml-explore/mlx-lm/tree/main#large-models
[WARNING] Generating with a model that requires 16378 MB which is close to the maximum recommended size of 18186 MB. This can be slow. See the documentation for possible work-arounds: https://github.com/ml-explore/mlx-lm/tree/main#large-models
  math500 70/100: 56 ok
[WARNING] Generating with a model that requires 16378 MB which is close to the maximum recommended size of 18186 MB. This can be slow. See the documentation for possible work-arounds: https://github.com/ml-explore/mlx-lm/tree/main#large-models
[WARNING] Generating with a model that requires 16378 MB which is close to the maximum recommended size of 18186 MB. This can be slow. See the documentation for possible work-arounds: https://github.com/ml-explore/mlx-lm/tree/main#large-models
[WARNING] Generating with a model that requires 16378 MB which is close to the maximum recommended size of 18186 MB. This can be slow. See the documentation for possible work-arounds: https://github.com/ml-explore/mlx-lm/tree/main#large-models
[WARNING] Generating with a model that requires 16378 MB which is close to the maximum recommended size of 18186 MB. This can be slow. See the documentation for possible work-arounds: https://github.com/ml-explore/mlx-lm/tree/main#large-models
[WARNING] Generating with a model that requires 16378 MB which is close to the maximum recommended size of 18186 MB. This can be slow. See the documentation for possible work-arounds: https://github.com/ml-explore/mlx-lm/tree/main#large-models
[WARNING] Generating with a model that requires 16378 MB which is close to the maximum recommended size of 18186 MB. This can be slow. See the documentation for possible work-arounds: https://github.com/ml-explore/mlx-lm/tree/main#large-models
[WARNING] Generating with a model that requires 16378 MB which is close to the maximum recommended size of 18186 MB. This can be slow. See the documentation for possible work-arounds: https://github.com/ml-explore/mlx-lm/tree/main#large-models
[WARNING] Generating with a model that requires 16378 MB which is close to the maximum recommended size of 18186 MB. This can be slow. See the documentation for possible work-arounds: https://github.com/ml-explore/mlx-lm/tree/main#large-models
[WARNING] Generating with a model that requires 16378 MB which is close to the maximum recommended size of 18186 MB. This can be slow. See the documentation for possible work-arounds: https://github.com/ml-explore/mlx-lm/tree/main#large-models
[WARNING] Generating with a model that requires 16378 MB which is close to the maximum recommended size of 18186 MB. This can be slow. See the documentation for possible work-arounds: https://github.com/ml-explore/mlx-lm/tree/main#large-models
  math500 80/100: 59 ok
[WARNING] Generating with a model that requires 16378 MB which is close to the maximum recommended size of 18186 MB. This can be slow. See the documentation for possible work-arounds: https://github.com/ml-explore/mlx-lm/tree/main#large-models
[WARNING] Generating with a model that requires 16378 MB which is close to the maximum recommended size of 18186 MB. This can be slow. See the documentation for possible work-arounds: https://github.com/ml-explore/mlx-lm/tree/main#large-models
[WARNING] Generating with a model that requires 16378 MB which is close to the maximum recommended size of 18186 MB. This can be slow. See the documentation for possible work-arounds: https://github.com/ml-explore/mlx-lm/tree/main#large-models
[WARNING] Generating with a model that requires 16378 MB which is close to the maximum recommended size of 18186 MB. This can be slow. See the documentation for possible work-arounds: https://github.com/ml-explore/mlx-lm/tree/main#large-models
[WARNING] Generating with a model that requires 16378 MB which is close to the maximum recommended size of 18186 MB. This can be slow. See the documentation for possible work-arounds: https://github.com/ml-explore/mlx-lm/tree/main#large-models
[WARNING] Generating with a model that requires 16378 MB which is close to the maximum recommended size of 18186 MB. This can be slow. See the documentation for possible work-arounds: https://github.com/ml-explore/mlx-lm/tree/main#large-models
[WARNING] Generating with a model that requires 16378 MB which is close to the maximum recommended size of 18186 MB. This can be slow. See the documentation for possible work-arounds: https://github.com/ml-explore/mlx-lm/tree/main#large-models
[WARNING] Generating with a model that requires 16378 MB which is close to the maximum recommended size of 18186 MB. This can be slow. See the documentation for possible work-arounds: https://github.com/ml-explore/mlx-lm/tree/main#large-models
[WARNING] Generating with a model that requires 16378 MB which is close to the maximum recommended size of 18186 MB. This can be slow. See the documentation for possible work-arounds: https://github.com/ml-explore/mlx-lm/tree/main#large-models
[WARNING] Generating with a model that requires 16378 MB which is close to the maximum recommended size of 18186 MB. This can be slow. See the documentation for possible work-arounds: https://github.com/ml-explore/mlx-lm/tree/main#large-models
  math500 90/100: 63 ok
[WARNING] Generating with a model that requires 16378 MB which is close to the maximum recommended size of 18186 MB. This can be slow. See the documentation for possible work-arounds: https://github.com/ml-explore/mlx-lm/tree/main#large-models
[WARNING] Generating with a model that requires 16378 MB which is close to the maximum recommended size of 18186 MB. This can be slow. See the documentation for possible work-arounds: https://github.com/ml-explore/mlx-lm/tree/main#large-models
[WARNING] Generating with a model that requires 16378 MB which is close to the maximum recommended size of 18186 MB. This can be slow. See the documentation for possible work-arounds: https://github.com/ml-explore/mlx-lm/tree/main#large-models
[WARNING] Generating with a model that requires 16378 MB which is close to the maximum recommended size of 18186 MB. This can be slow. See the documentation for possible work-arounds: https://github.com/ml-explore/mlx-lm/tree/main#large-models
[WARNING] Generating with a model that requires 16378 MB which is close to the maximum recommended size of 18186 MB. This can be slow. See the documentation for possible work-arounds: https://github.com/ml-explore/mlx-lm/tree/main#large-models
[WARNING] Generating with a model that requires 16378 MB which is close to the maximum recommended size of 18186 MB. This can be slow. See the documentation for possible work-arounds: https://github.com/ml-explore/mlx-lm/tree/main#large-models
[WARNING] Generating with a model that requires 16378 MB which is close to the maximum recommended size of 18186 MB. This can be slow. See the documentation for possible work-arounds: https://github.com/ml-explore/mlx-lm/tree/main#large-models
[WARNING] Generating with a model that requires 16378 MB which is close to the maximum recommended size of 18186 MB. This can be slow. See the documentation for possible work-arounds: https://github.com/ml-explore/mlx-lm/tree/main#large-models
[WARNING] Generating with a model that requires 16378 MB which is close to the maximum recommended size of 18186 MB. This can be slow. See the documentation for possible work-arounds: https://github.com/ml-explore/mlx-lm/tree/main#large-models
[WARNING] Generating with a model that requires 16378 MB which is close to the maximum recommended size of 18186 MB. This can be slow. See the documentation for possible work-arounds: https://github.com/ml-explore/mlx-lm/tree/main#large-models
  math500 100/100: 70 ok
[math500] 70/100 = 70%
[WARNING] Generating with a model that requires 16378 MB which is close to the maximum recommended size of 18186 MB. This can be slow. See the documentation for possible work-arounds: https://github.com/ml-explore/mlx-lm/tree/main#large-models
[WARNING] Generating with a model that requires 16378 MB which is close to the maximum recommended size of 18186 MB. This can be slow. See the documentation for possible work-arounds: https://github.com/ml-explore/mlx-lm/tree/main#large-models
[WARNING] Generating with a model that requires 16378 MB which is close to the maximum recommended size of 18186 MB. This can be slow. See the documentation for possible work-arounds: https://github.com/ml-explore/mlx-lm/tree/main#large-models
[WARNING] Generating with a model that requires 16378 MB which is close to the maximum recommended size of 18186 MB. This can be slow. See the documentation for possible work-arounds: https://github.com/ml-explore/mlx-lm/tree/main#large-models
[WARNING] Generating with a model that requires 16378 MB which is close to the maximum recommended size of 18186 MB. This can be slow. See the documentation for possible work-arounds: https://github.com/ml-explore/mlx-lm/tree/main#large-models
[WARNING] Generating with a model that requires 16378 MB which is close to the maximum recommended size of 18186 MB. This can be slow. See the documentation for possible work-arounds: https://github.com/ml-explore/mlx-lm/tree/main#large-models
[WARNING] Generating with a model that requires 16378 MB which is close to the maximum recommended size of 18186 MB. This can be slow. See the documentation for possible work-arounds: https://github.com/ml-explore/mlx-lm/tree/main#large-models
[WARNING] Generating with a model that requires 16378 MB which is close to the maximum recommended size of 18186 MB. This can be slow. See the documentation for possible work-arounds: https://github.com/ml-explore/mlx-lm/tree/main#large-models
[WARNING] Generating with a model that requires 16378 MB which is close to the maximum recommended size of 18186 MB. This can be slow. See the documentation for possible work-arounds: https://github.com/ml-explore/mlx-lm/tree/main#large-models
[WARNING] Generating with a model that requires 16378 MB which is close to the maximum recommended size of 18186 MB. This can be slow. See the documentation for possible work-arounds: https://github.com/ml-explore/mlx-lm/tree/main#large-models
  mbpp 10/100: 4 ok
[WARNING] Generating with a model that requires 16378 MB which is close to the maximum recommended size of 18186 MB. This can be slow. See the documentation for possible work-arounds: https://github.com/ml-explore/mlx-lm/tree/main#large-models
[WARNING] Generating with a model that requires 16378 MB which is close to the maximum recommended size of 18186 MB. This can be slow. See the documentation for possible work-arounds: https://github.com/ml-explore/mlx-lm/tree/main#large-models
[WARNING] Generating with a model that requires 16378 MB which is close to the maximum recommended size of 18186 MB. This can be slow. See the documentation for possible work-arounds: https://github.com/ml-explore/mlx-lm/tree/main#large-models
[WARNING] Generating with a model that requires 16378 MB which is close to the maximum recommended size of 18186 MB. This can be slow. See the documentation for possible work-arounds: https://github.com/ml-explore/mlx-lm/tree/main#large-models
[WARNING] Generating with a model that requires 16378 MB which is close to the maximum recommended size of 18186 MB. This can be slow. See the documentation for possible work-arounds: https://github.com/ml-explore/mlx-lm/tree/main#large-models
[WARNING] Generating with a model that requires 16378 MB which is close to the maximum recommended size of 18186 MB. This can be slow. See the documentation for possible work-arounds: https://github.com/ml-explore/mlx-lm/tree/main#large-models
[WARNING] Generating with a model that requires 16378 MB which is close to the maximum recommended size of 18186 MB. This can be slow. See the documentation for possible work-arounds: https://github.com/ml-explore/mlx-lm/tree/main#large-models
[WARNING] Generating with a model that requires 16378 MB which is close to the maximum recommended size of 18186 MB. This can be slow. See the documentation for possible work-arounds: https://github.com/ml-explore/mlx-lm/tree/main#large-models
[WARNING] Generating with a model that requires 16378 MB which is close to the maximum recommended size of 18186 MB. This can be slow. See the documentation for possible work-arounds: https://github.com/ml-explore/mlx-lm/tree/main#large-models
[WARNING] Generating with a model that requires 16378 MB which is close to the maximum recommended size of 18186 MB. This can be slow. See the documentation for possible work-arounds: https://github.com/ml-explore/mlx-lm/tree/main#large-models
  mbpp 20/100: 11 ok
[WARNING] Generating with a model that requires 16378 MB which is close to the maximum recommended size of 18186 MB. This can be slow. See the documentation for possible work-arounds: https://github.com/ml-explore/mlx-lm/tree/main#large-models
[WARNING] Generating with a model that requires 16378 MB which is close to the maximum recommended size of 18186 MB. This can be slow. See the documentation for possible work-arounds: https://github.com/ml-explore/mlx-lm/tree/main#large-models
[WARNING] Generating with a model that requires 16378 MB which is close to the maximum recommended size of 18186 MB. This can be slow. See the documentation for possible work-arounds: https://github.com/ml-explore/mlx-lm/tree/main#large-models
[WARNING] Generating with a model that requires 16378 MB which is close to the maximum recommended size of 18186 MB. This can be slow. See the documentation for possible work-arounds: https://github.com/ml-explore/mlx-lm/tree/main#large-models
[WARNING] Generating with a model that requires 16378 MB which is close to the maximum recommended size of 18186 MB. This can be slow. See the documentation for possible work-arounds: https://github.com/ml-explore/mlx-lm/tree/main#large-models
[WARNING] Generating with a model that requires 16378 MB which is close to the maximum recommended size of 18186 MB. This can be slow. See the documentation for possible work-arounds: https://github.com/ml-explore/mlx-lm/tree/main#large-models
[WARNING] Generating with a model that requires 16378 MB which is close to the maximum recommended size of 18186 MB. This can be slow. See the documentation for possible work-arounds: https://github.com/ml-explore/mlx-lm/tree/main#large-models
[WARNING] Generating with a model that requires 16378 MB which is close to the maximum recommended size of 18186 MB. This can be slow. See the documentation for possible work-arounds: https://github.com/ml-explore/mlx-lm/tree/main#large-models
[WARNING] Generating with a model that requires 16378 MB which is close to the maximum recommended size of 18186 MB. This can be slow. See the documentation for possible work-arounds: https://github.com/ml-explore/mlx-lm/tree/main#large-models
[WARNING] Generating with a model that requires 16378 MB which is close to the maximum recommended size of 18186 MB. This can be slow. See the documentation for possible work-arounds: https://github.com/ml-explore/mlx-lm/tree/main#large-models
  mbpp 30/100: 20 ok
[WARNING] Generating with a model that requires 16378 MB which is close to the maximum recommended size of 18186 MB. This can be slow. See the documentation for possible work-arounds: https://github.com/ml-explore/mlx-lm/tree/main#large-models
[WARNING] Generating with a model that requires 16378 MB which is close to the maximum recommended size of 18186 MB. This can be slow. See the documentation for possible work-arounds: https://github.com/ml-explore/mlx-lm/tree/main#large-models
[WARNING] Generating with a model that requires 16378 MB which is close to the maximum recommended size of 18186 MB. This can be slow. See the documentation for possible work-arounds: https://github.com/ml-explore/mlx-lm/tree/main#large-models
[WARNING] Generating with a model that requires 16378 MB which is close to the maximum recommended size of 18186 MB. This can be slow. See the documentation for possible work-arounds: https://github.com/ml-explore/mlx-lm/tree/main#large-models
[WARNING] Generating with a model that requires 16378 MB which is close to the maximum recommended size of 18186 MB. This can be slow. See the documentation for possible work-arounds: https://github.com/ml-explore/mlx-lm/tree/main#large-models
[WARNING] Generating with a model that requires 16378 MB which is close to the maximum recommended size of 18186 MB. This can be slow. See the documentation for possible work-arounds: https://github.com/ml-explore/mlx-lm/tree/main#large-models
[WARNING] Generating with a model that requires 16378 MB which is close to the maximum recommended size of 18186 MB. This can be slow. See the documentation for possible work-arounds: https://github.com/ml-explore/mlx-lm/tree/main#large-models
[WARNING] Generating with a model that requires 16378 MB which is close to the maximum recommended size of 18186 MB. This can be slow. See the documentation for possible work-arounds: https://github.com/ml-explore/mlx-lm/tree/main#large-models
[WARNING] Generating with a model that requires 16378 MB which is close to the maximum recommended size of 18186 MB. This can be slow. See the documentation for possible work-arounds: https://github.com/ml-explore/mlx-lm/tree/main#large-models
[WARNING] Generating with a model that requires 16378 MB which is close to the maximum recommended size of 18186 MB. This can be slow. See the documentation for possible work-arounds: https://github.com/ml-explore/mlx-lm/tree/main#large-models
  mbpp 40/100: 29 ok
[WARNING] Generating with a model that requires 16378 MB which is close to the maximum recommended size of 18186 MB. This can be slow. See the documentation for possible work-arounds: https://github.com/ml-explore/mlx-lm/tree/main#large-models
[WARNING] Generating with a model that requires 16378 MB which is close to the maximum recommended size of 18186 MB. This can be slow. See the documentation for possible work-arounds: https://github.com/ml-explore/mlx-lm/tree/main#large-models
[WARNING] Generating with a model that requires 16378 MB which is close to the maximum recommended size of 18186 MB. This can be slow. See the documentation for possible work-arounds: https://github.com/ml-explore/mlx-lm/tree/main#large-models
[WARNING] Generating with a model that requires 16378 MB which is close to the maximum recommended size of 18186 MB. This can be slow. See the documentation for possible work-arounds: https://github.com/ml-explore/mlx-lm/tree/main#large-models
[WARNING] Generating with a model that requires 16378 MB which is close to the maximum recommended size of 18186 MB. This can be slow. See the documentation for possible work-arounds: https://github.com/ml-explore/mlx-lm/tree/main#large-models
[WARNING] Generating with a model that requires 16378 MB which is close to the maximum recommended size of 18186 MB. This can be slow. See the documentation for possible work-arounds: https://github.com/ml-explore/mlx-lm/tree/main#large-models
[WARNING] Generating with a model that requires 16378 MB which is close to the maximum recommended size of 18186 MB. This can be slow. See the documentation for possible work-arounds: https://github.com/ml-explore/mlx-lm/tree/main#large-models
[WARNING] Generating with a model that requires 16378 MB which is close to the maximum recommended size of 18186 MB. This can be slow. See the documentation for possible work-arounds: https://github.com/ml-explore/mlx-lm/tree/main#large-models
[WARNING] Generating with a model that requires 16378 MB which is close to the maximum recommended size of 18186 MB. This can be slow. See the documentation for possible work-arounds: https://github.com/ml-explore/mlx-lm/tree/main#large-models
[WARNING] Generating with a model that requires 16378 MB which is close to the maximum recommended size of 18186 MB. This can be slow. See the documentation for possible work-arounds: https://github.com/ml-explore/mlx-lm/tree/main#large-models
  mbpp 50/100: 38 ok
[WARNING] Generating with a model that requires 16378 MB which is close to the maximum recommended size of 18186 MB. This can be slow. See the documentation for possible work-arounds: https://github.com/ml-explore/mlx-lm/tree/main#large-models
[WARNING] Generating with a model that requires 16378 MB which is close to the maximum recommended size of 18186 MB. This can be slow. See the documentation for possible work-arounds: https://github.com/ml-explore/mlx-lm/tree/main#large-models
[WARNING] Generating with a model that requires 16378 MB which is close to the maximum recommended size of 18186 MB. This can be slow. See the documentation for possible work-arounds: https://github.com/ml-explore/mlx-lm/tree/main#large-models
[WARNING] Generating with a model that requires 16378 MB which is close to the maximum recommended size of 18186 MB. This can be slow. See the documentation for possible work-arounds: https://github.com/ml-explore/mlx-lm/tree/main#large-models
[WARNING] Generating with a model that requires 16378 MB which is close to the maximum recommended size of 18186 MB. This can be slow. See the documentation for possible work-arounds: https://github.com/ml-explore/mlx-lm/tree/main#large-models
[WARNING] Generating with a model that requires 16378 MB which is close to the maximum recommended size of 18186 MB. This can be slow. See the documentation for possible work-arounds: https://github.com/ml-explore/mlx-lm/tree/main#large-models
[WARNING] Generating with a model that requires 16378 MB which is close to the maximum recommended size of 18186 MB. This can be slow. See the documentation for possible work-arounds: https://github.com/ml-explore/mlx-lm/tree/main#large-models
[WARNING] Generating with a model that requires 16378 MB which is close to the maximum recommended size of 18186 MB. This can be slow. See the documentation for possible work-arounds: https://github.com/ml-explore/mlx-lm/tree/main#large-models
[WARNING] Generating with a model that requires 16378 MB which is close to the maximum recommended size of 18186 MB. This can be slow. See the documentation for possible work-arounds: https://github.com/ml-explore/mlx-lm/tree/main#large-models
[WARNING] Generating with a model that requires 16378 MB which is close to the maximum recommended size of 18186 MB. This can be slow. See the documentation for possible work-arounds: https://github.com/ml-explore/mlx-lm/tree/main#large-models
  mbpp 60/100: 48 ok
[WARNING] Generating with a model that requires 16378 MB which is close to the maximum recommended size of 18186 MB. This can be slow. See the documentation for possible work-arounds: https://github.com/ml-explore/mlx-lm/tree/main#large-models
[WARNING] Generating with a model that requires 16378 MB which is close to the maximum recommended size of 18186 MB. This can be slow. See the documentation for possible work-arounds: https://github.com/ml-explore/mlx-lm/tree/main#large-models
[WARNING] Generating with a model that requires 16378 MB which is close to the maximum recommended size of 18186 MB. This can be slow. See the documentation for possible work-arounds: https://github.com/ml-explore/mlx-lm/tree/main#large-models
[WARNING] Generating with a model that requires 16378 MB which is close to the maximum recommended size of 18186 MB. This can be slow. See the documentation for possible work-arounds: https://github.com/ml-explore/mlx-lm/tree/main#large-models
[WARNING] Generating with a model that requires 16378 MB which is close to the maximum recommended size of 18186 MB. This can be slow. See the documentation for possible work-arounds: https://github.com/ml-explore/mlx-lm/tree/main#large-models
[WARNING] Generating with a model that requires 16378 MB which is close to the maximum recommended size of 18186 MB. This can be slow. See the documentation for possible work-arounds: https://github.com/ml-explore/mlx-lm/tree/main#large-models
[WARNING] Generating with a model that requires 16378 MB which is close to the maximum recommended size of 18186 MB. This can be slow. See the documentation for possible work-arounds: https://github.com/ml-explore/mlx-lm/tree/main#large-models
[WARNING] Generating with a model that requires 16378 MB which is close to the maximum recommended size of 18186 MB. This can be slow. See the documentation for possible work-arounds: https://github.com/ml-explore/mlx-lm/tree/main#large-models
[WARNING] Generating with a model that requires 16378 MB which is close to the maximum recommended size of 18186 MB. This can be slow. See the documentation for possible work-arounds: https://github.com/ml-explore/mlx-lm/tree/main#large-models
[WARNING] Generating with a model that requires 16378 MB which is close to the maximum recommended size of 18186 MB. This can be slow. See the documentation for possible work-arounds: https://github.com/ml-explore/mlx-lm/tree/main#large-models
  mbpp 70/100: 57 ok
[WARNING] Generating with a model that requires 16378 MB which is close to the maximum recommended size of 18186 MB. This can be slow. See the documentation for possible work-arounds: https://github.com/ml-explore/mlx-lm/tree/main#large-models
[WARNING] Generating with a model that requires 16378 MB which is close to the maximum recommended size of 18186 MB. This can be slow. See the documentation for possible work-arounds: https://github.com/ml-explore/mlx-lm/tree/main#large-models
[WARNING] Generating with a model that requires 16378 MB which is close to the maximum recommended size of 18186 MB. This can be slow. See the documentation for possible work-arounds: https://github.com/ml-explore/mlx-lm/tree/main#large-models
[WARNING] Generating with a model that requires 16378 MB which is close to the maximum recommended size of 18186 MB. This can be slow. See the documentation for possible work-arounds: https://github.com/ml-explore/mlx-lm/tree/main#large-models
[WARNING] Generating with a model that requires 16378 MB which is close to the maximum recommended size of 18186 MB. This can be slow. See the documentation for possible work-arounds: https://github.com/ml-explore/mlx-lm/tree/main#large-models
[WARNING] Generating with a model that requires 16378 MB which is close to the maximum recommended size of 18186 MB. This can be slow. See the documentation for possible work-arounds: https://github.com/ml-explore/mlx-lm/tree/main#large-models
[WARNING] Generating with a model that requires 16378 MB which is close to the maximum recommended size of 18186 MB. This can be slow. See the documentation for possible work-arounds: https://github.com/ml-explore/mlx-lm/tree/main#large-models
[WARNING] Generating with a model that requires 16378 MB which is close to the maximum recommended size of 18186 MB. This can be slow. See the documentation for possible work-arounds: https://github.com/ml-explore/mlx-lm/tree/main#large-models
[WARNING] Generating with a model that requires 16378 MB which is close to the maximum recommended size of 18186 MB. This can be slow. See the documentation for possible work-arounds: https://github.com/ml-explore/mlx-lm/tree/main#large-models
[WARNING] Generating with a model that requires 16378 MB which is close to the maximum recommended size of 18186 MB. This can be slow. See the documentation for possible work-arounds: https://github.com/ml-explore/mlx-lm/tree/main#large-models
  mbpp 80/100: 65 ok
[WARNING] Generating with a model that requires 16378 MB which is close to the maximum recommended size of 18186 MB. This can be slow. See the documentation for possible work-arounds: https://github.com/ml-explore/mlx-lm/tree/main#large-models
[WARNING] Generating with a model that requires 16378 MB which is close to the maximum recommended size of 18186 MB. This can be slow. See the documentation for possible work-arounds: https://github.com/ml-explore/mlx-lm/tree/main#large-models
[WARNING] Generating with a model that requires 16378 MB which is close to the maximum recommended size of 18186 MB. This can be slow. See the documentation for possible work-arounds: https://github.com/ml-explore/mlx-lm/tree/main#large-models
[WARNING] Generating with a model that requires 16378 MB which is close to the maximum recommended size of 18186 MB. This can be slow. See the documentation for possible work-arounds: https://github.com/ml-explore/mlx-lm/tree/main#large-models
[WARNING] Generating with a model that requires 16378 MB which is close to the maximum recommended size of 18186 MB. This can be slow. See the documentation for possible work-arounds: https://github.com/ml-explore/mlx-lm/tree/main#large-models
[WARNING] Generating with a model that requires 16378 MB which is close to the maximum recommended size of 18186 MB. This can be slow. See the documentation for possible work-arounds: https://github.com/ml-explore/mlx-lm/tree/main#large-models
[WARNING] Generating with a model that requires 16378 MB which is close to the maximum recommended size of 18186 MB. This can be slow. See the documentation for possible work-arounds: https://github.com/ml-explore/mlx-lm/tree/main#large-models
[WARNING] Generating with a model that requires 16378 MB which is close to the maximum recommended size of 18186 MB. This can be slow. See the documentation for possible work-arounds: https://github.com/ml-explore/mlx-lm/tree/main#large-models
[WARNING] Generating with a model that requires 16378 MB which is close to the maximum recommended size of 18186 MB. This can be slow. See the documentation for possible work-arounds: https://github.com/ml-explore/mlx-lm/tree/main#large-models
[WARNING] Generating with a model that requires 16378 MB which is close to the maximum recommended size of 18186 MB. This can be slow. See the documentation for possible work-arounds: https://github.com/ml-explore/mlx-lm/tree/main#large-models
  mbpp 90/100: 73 ok
[WARNING] Generating with a model that requires 16378 MB which is close to the maximum recommended size of 18186 MB. This can be slow. See the documentation for possible work-arounds: https://github.com/ml-explore/mlx-lm/tree/main#large-models
[WARNING] Generating with a model that requires 16378 MB which is close to the maximum recommended size of 18186 MB. This can be slow. See the documentation for possible work-arounds: https://github.com/ml-explore/mlx-lm/tree/main#large-models
[WARNING] Generating with a model that requires 16378 MB which is close to the maximum recommended size of 18186 MB. This can be slow. See the documentation for possible work-arounds: https://github.com/ml-explore/mlx-lm/tree/main#large-models
[WARNING] Generating with a model that requires 16378 MB which is close to the maximum recommended size of 18186 MB. This can be slow. See the documentation for possible work-arounds: https://github.com/ml-explore/mlx-lm/tree/main#large-models
[WARNING] Generating with a model that requires 16378 MB which is close to the maximum recommended size of 18186 MB. This can be slow. See the documentation for possible work-arounds: https://github.com/ml-explore/mlx-lm/tree/main#large-models
[WARNING] Generating with a model that requires 16378 MB which is close to the maximum recommended size of 18186 MB. This can be slow. See the documentation for possible work-arounds: https://github.com/ml-explore/mlx-lm/tree/main#large-models
[WARNING] Generating with a model that requires 16378 MB which is close to the maximum recommended size of 18186 MB. This can be slow. See the documentation for possible work-arounds: https://github.com/ml-explore/mlx-lm/tree/main#large-models
[WARNING] Generating with a model that requires 16378 MB which is close to the maximum recommended size of 18186 MB. This can be slow. See the documentation for possible work-arounds: https://github.com/ml-explore/mlx-lm/tree/main#large-models
[WARNING] Generating with a model that requires 16378 MB which is close to the maximum recommended size of 18186 MB. This can be slow. See the documentation for possible work-arounds: https://github.com/ml-explore/mlx-lm/tree/main#large-models
[WARNING] Generating with a model that requires 16378 MB which is close to the maximum recommended size of 18186 MB. This can be slow. See the documentation for possible work-arounds: https://github.com/ml-explore/mlx-lm/tree/main#large-models
  mbpp 100/100: 83 ok
[mbpp] 83/100 = 83%
[mem] peak 17.85 GB
[load] 17.17 GB
[WARNING] Generating with a model that requires 16378 MB which is close to the maximum recommended size of 18186 MB. This can be slow. See the documentation for possible work-arounds: https://github.com/ml-explore/mlx-lm/tree/main#large-models
[WARNING] Generating with a model that requires 16378 MB which is close to the maximum recommended size of 18186 MB. This can be slow. See the documentation for possible work-arounds: https://github.com/ml-explore/mlx-lm/tree/main#large-models
[WARNING] Generating with a model that requires 16378 MB which is close to the maximum recommended size of 18186 MB. This can be slow. See the documentation for possible work-arounds: https://github.com/ml-explore/mlx-lm/tree/main#large-models
[WARNING] Generating with a model that requires 16378 MB which is close to the maximum recommended size of 18186 MB. This can be slow. See the documentation for possible work-arounds: https://github.com/ml-explore/mlx-lm/tree/main#large-models
[WARNING] Generating with a model that requires 16378 MB which is close to the maximum recommended size of 18186 MB. This can be slow. See the documentation for possible work-arounds: https://github.com/ml-explore/mlx-lm/tree/main#large-models
[WARNING] Generating with a model that requires 16378 MB which is close to the maximum recommended size of 18186 MB. This can be slow. See the documentation for possible work-arounds: https://github.com/ml-explore/mlx-lm/tree/main#large-models
[WARNING] Generating with a model that requires 16378 MB which is close to the maximum recommended size of 18186 MB. This can be slow. See the documentation for possible work-arounds: https://github.com/ml-explore/mlx-lm/tree/main#large-models
[WARNING] Generating with a model that requires 16378 MB which is close to the maximum recommended size of 18186 MB. This can be slow. See the documentation for possible work-arounds: https://github.com/ml-explore/mlx-lm/tree/main#large-models
[WARNING] Generating with a model that requires 16378 MB which is close to the maximum recommended size of 18186 MB. This can be slow. See the documentation for possible work-arounds: https://github.com/ml-explore/mlx-lm/tree/main#large-models
[WARNING] Generating with a model that requires 16378 MB which is close to the maximum recommended size of 18186 MB. This can be slow. See the documentation for possible work-arounds: https://github.com/ml-explore/mlx-lm/tree/main#large-models
[WARNING] Generating with a model that requires 16378 MB which is close to the maximum recommended size of 18186 MB. This can be slow. See the documentation for possible work-arounds: https://github.com/ml-explore/mlx-lm/tree/main#large-models
[WARNING] Generating with a model that requires 16378 MB which is close to the maximum recommended size of 18186 MB. This can be slow. See the documentation for possible work-arounds: https://github.com/ml-explore/mlx-lm/tree/main#large-models
[WARNING] Generating with a model that requires 16378 MB which is close to the maximum recommended size of 18186 MB. This can be slow. See the documentation for possible work-arounds: https://github.com/ml-explore/mlx-lm/tree/main#large-models
[WARNING] Generating with a model that requires 16378 MB which is close to the maximum recommended size of 18186 MB. This can be slow. See the documentation for possible work-arounds: https://github.com/ml-explore/mlx-lm/tree/main#large-models
[WARNING] Generating with a model that requires 16378 MB which is close to the maximum recommended size of 18186 MB. This can be slow. See the documentation for possible work-arounds: https://github.com/ml-explore/mlx-lm/tree/main#large-models
[WARNING] Generating with a model that requires 16378 MB which is close to the maximum recommended size of 18186 MB. This can be slow. See the documentation for possible work-arounds: https://github.com/ml-explore/mlx-lm/tree/main#large-models
[WARNING] Generating with a model that requires 16378 MB which is close to the maximum recommended size of 18186 MB. This can be slow. See the documentation for possible work-arounds: https://github.com/ml-explore/mlx-lm/tree/main#large-models
[WARNING] Generating with a model that requires 16378 MB which is close to the maximum recommended size of 18186 MB. This can be slow. See the documentation for possible work-arounds: https://github.com/ml-explore/mlx-lm/tree/main#large-models
[WARNING] Generating with a model that requires 16378 MB which is close to the maximum recommended size of 18186 MB. This can be slow. See the documentation for possible work-arounds: https://github.com/ml-explore/mlx-lm/tree/main#large-models
[WARNING] Generating with a model that requires 16378 MB which is close to the maximum recommended size of 18186 MB. This can be slow. See the documentation for possible work-arounds: https://github.com/ml-explore/mlx-lm/tree/main#large-models
[WARNING] Generating with a model that requires 16378 MB which is close to the maximum recommended size of 18186 MB. This can be slow. See the documentation for possible work-arounds: https://github.com/ml-explore/mlx-lm/tree/main#large-models
[WARNING] Generating with a model that requires 16378 MB which is close to the maximum recommended size of 18186 MB. This can be slow. See the documentation for possible work-arounds: https://github.com/ml-explore/mlx-lm/tree/main#large-models
[WARNING] Generating with a model that requires 16378 MB which is close to the maximum recommended size of 18186 MB. This can be slow. See the documentation for possible work-arounds: https://github.com/ml-explore/mlx-lm/tree/main#large-models
[WARNING] Generating with a model that requires 16378 MB which is close to the maximum recommended size of 18186 MB. This can be slow. See the documentation for possible work-arounds: https://github.com/ml-explore/mlx-lm/tree/main#large-models
[WARNING] Generating with a model that requires 16378 MB which is close to the maximum recommended size of 18186 MB. This can be slow. See the documentation for possible work-arounds: https://github.com/ml-explore/mlx-lm/tree/main#large-models
[WARNING] Generating with a model that requires 16378 MB which is close to the maximum recommended size of 18186 MB. This can be slow. See the documentation for possible work-arounds: https://github.com/ml-explore/mlx-lm/tree/main#large-models
[WARNING] Generating with a model that requires 16378 MB which is close to the maximum recommended size of 18186 MB. This can be slow. See the documentation for possible work-arounds: https://github.com/ml-explore/mlx-lm/tree/main#large-models
[WARNING] Generating with a model that requires 16378 MB which is close to the maximum recommended size of 18186 MB. This can be slow. See the documentation for possible work-arounds: https://github.com/ml-explore/mlx-lm/tree/main#large-models
[WARNING] Generating with a model that requires 16378 MB which is close to the maximum recommended size of 18186 MB. This can be slow. See the documentation for possible work-arounds: https://github.com/ml-explore/mlx-lm/tree/main#large-models
[WARNING] Generating with a model that requires 16378 MB which is close to the maximum recommended size of 18186 MB. This can be slow. See the documentation for possible work-arounds: https://github.com/ml-explore/mlx-lm/tree/main#large-models
[WARNING] Generating with a model that requires 16378 MB which is close to the maximum recommended size of 18186 MB. This can be slow. See the documentation for possible work-arounds: https://github.com/ml-explore/mlx-lm/tree/main#large-models
[WARNING] Generating with a model that requires 16378 MB which is close to the maximum recommended size of 18186 MB. This can be slow. See the documentation for possible work-arounds: https://github.com/ml-explore/mlx-lm/tree/main#large-models
[WARNING] Generating with a model that requires 16378 MB which is close to the maximum recommended size of 18186 MB. This can be slow. See the documentation for possible work-arounds: https://github.com/ml-explore/mlx-lm/tree/main#large-models
[WARNING] Generating with a model that requires 16378 MB which is close to the maximum recommended size of 18186 MB. This can be slow. See the documentation for possible work-arounds: https://github.com/ml-explore/mlx-lm/tree/main#large-models
[WARNING] Generating with a model that requires 16378 MB which is close to the maximum recommended size of 18186 MB. This can be slow. See the documentation for possible work-arounds: https://github.com/ml-explore/mlx-lm/tree/main#large-models
[WARNING] Generating with a model that requires 16378 MB which is close to the maximum recommended size of 18186 MB. This can be slow. See the documentation for possible work-arounds: https://github.com/ml-explore/mlx-lm/tree/main#large-models
[WARNING] Generating with a model that requires 16378 MB which is close to the maximum recommended size of 18186 MB. This can be slow. See the documentation for possible work-arounds: https://github.com/ml-explore/mlx-lm/tree/main#large-models
[WARNING] Generating with a model that requires 16378 MB which is close to the maximum recommended size of 18186 MB. This can be slow. See the documentation for possible work-arounds: https://github.com/ml-explore/mlx-lm/tree/main#large-models
[WARNING] Generating with a model that requires 16378 MB which is close to the maximum recommended size of 18186 MB. This can be slow. See the documentation for possible work-arounds: https://github.com/ml-explore/mlx-lm/tree/main#large-models
[WARNING] Generating with a model that requires 16378 MB which is close to the maximum recommended size of 18186 MB. This can be slow. See the documentation for possible work-arounds: https://github.com/ml-explore/mlx-lm/tree/main#large-models
[WARNING] Generating with a model that requires 16378 MB which is close to the maximum recommended size of 18186 MB. This can be slow. See the documentation for possible work-arounds: https://github.com/ml-explore/mlx-lm/tree/main#large-models
[WARNING] Generating with a model that requires 16378 MB which is close to the maximum recommended size of 18186 MB. This can be slow. See the documentation for possible work-arounds: https://github.com/ml-explore/mlx-lm/tree/main#large-models
[WARNING] Generating with a model that requires 16378 MB which is close to the maximum recommended size of 18186 MB. This can be slow. See the documentation for possible work-arounds: https://github.com/ml-explore/mlx-lm/tree/main#large-models
[WARNING] Generating with a model that requires 16378 MB which is close to the maximum recommended size of 18186 MB. This can be slow. See the documentation for possible work-arounds: https://github.com/ml-explore/mlx-lm/tree/main#large-models
[WARNING] Generating with a model that requires 16378 MB which is close to the maximum recommended size of 18186 MB. This can be slow. See the documentation for possible work-arounds: https://github.com/ml-explore/mlx-lm/tree/main#large-models
[WARNING] Generating with a model that requires 16378 MB which is close to the maximum recommended size of 18186 MB. This can be slow. See the documentation for possible work-arounds: https://github.com/ml-explore/mlx-lm/tree/main#large-models
[WARNING] Generating with a model that requires 16378 MB which is close to the maximum recommended size of 18186 MB. This can be slow. See the documentation for possible work-arounds: https://github.com/ml-explore/mlx-lm/tree/main#large-models
[WARNING] Generating with a model that requires 16378 MB which is close to the maximum recommended size of 18186 MB. This can be slow. See the documentation for possible work-arounds: https://github.com/ml-explore/mlx-lm/tree/main#large-models
[WARNING] Generating with a model that requires 16378 MB which is close to the maximum recommended size of 18186 MB. This can be slow. See the documentation for possible work-arounds: https://github.com/ml-explore/mlx-lm/tree/main#large-models
[WARNING] Generating with a model that requires 16378 MB which is close to the maximum recommended size of 18186 MB. This can be slow. See the documentation for possible work-arounds: https://github.com/ml-explore/mlx-lm/tree/main#large-models
  mmlu 50/500: 37 ok
[WARNING] Generating with a model that requires 16378 MB which is close to the maximum recommended size of 18186 MB. This can be slow. See the documentation for possible work-arounds: https://github.com/ml-explore/mlx-lm/tree/main#large-models
[WARNING] Generating with a model that requires 16378 MB which is close to the maximum recommended size of 18186 MB. This can be slow. See the documentation for possible work-arounds: https://github.com/ml-explore/mlx-lm/tree/main#large-models
[WARNING] Generating with a model that requires 16378 MB which is close to the maximum recommended size of 18186 MB. This can be slow. See the documentation for possible work-arounds: https://github.com/ml-explore/mlx-lm/tree/main#large-models
[WARNING] Generating with a model that requires 16378 MB which is close to the maximum recommended size of 18186 MB. This can be slow. See the documentation for possible work-arounds: https://github.com/ml-explore/mlx-lm/tree/main#large-models
[WARNING] Generating with a model that requires 16378 MB which is close to the maximum recommended size of 18186 MB. This can be slow. See the documentation for possible work-arounds: https://github.com/ml-explore/mlx-lm/tree/main#large-models
[WARNING] Generating with a model that requires 16378 MB which is close to the maximum recommended size of 18186 MB. This can be slow. See the documentation for possible work-arounds: https://github.com/ml-explore/mlx-lm/tree/main#large-models
[WARNING] Generating with a model that requires 16378 MB which is close to the maximum recommended size of 18186 MB. This can be slow. See the documentation for possible work-arounds: https://github.com/ml-explore/mlx-lm/tree/main#large-models
[WARNING] Generating with a model that requires 16378 MB which is close to the maximum recommended size of 18186 MB. This can be slow. See the documentation for possible work-arounds: https://github.com/ml-explore/mlx-lm/tree/main#large-models
[WARNING] Generating with a model that requires 16378 MB which is close to the maximum recommended size of 18186 MB. This can be slow. See the documentation for possible work-arounds: https://github.com/ml-explore/mlx-lm/tree/main#large-models
[WARNING] Generating with a model that requires 16378 MB which is close to the maximum recommended size of 18186 MB. This can be slow. See the documentation for possible work-arounds: https://github.com/ml-explore/mlx-lm/tree/main#large-models
[WARNING] Generating with a model that requires 16378 MB which is close to the maximum recommended size of 18186 MB. This can be slow. See the documentation for possible work-arounds: https://github.com/ml-explore/mlx-lm/tree/main#large-models
[WARNING] Generating with a model that requires 16378 MB which is close to the maximum recommended size of 18186 MB. This can be slow. See the documentation for possible work-arounds: https://github.com/ml-explore/mlx-lm/tree/main#large-models
[WARNING] Generating with a model that requires 16378 MB which is close to the maximum recommended size of 18186 MB. This can be slow. See the documentation for possible work-arounds: https://github.com/ml-explore/mlx-lm/tree/main#large-models
[WARNING] Generating with a model that requires 16378 MB which is close to the maximum recommended size of 18186 MB. This can be slow. See the documentation for possible work-arounds: https://github.com/ml-explore/mlx-lm/tree/main#large-models
[WARNING] Generating with a model that requires 16378 MB which is close to the maximum recommended size of 18186 MB. This can be slow. See the documentation for possible work-arounds: https://github.com/ml-explore/mlx-lm/tree/main#large-models
[WARNING] Generating with a model that requires 16378 MB which is close to the maximum recommended size of 18186 MB. This can be slow. See the documentation for possible work-arounds: https://github.com/ml-explore/mlx-lm/tree/main#large-models
[WARNING] Generating with a model that requires 16378 MB which is close to the maximum recommended size of 18186 MB. This can be slow. See the documentation for possible work-arounds: https://github.com/ml-explore/mlx-lm/tree/main#large-models
[WARNING] Generating with a model that requires 16378 MB which is close to the maximum recommended size of 18186 MB. This can be slow. See the documentation for possible work-arounds: https://github.com/ml-explore/mlx-lm/tree/main#large-models
[WARNING] Generating with a model that requires 16378 MB which is close to the maximum recommended size of 18186 MB. This can be slow. See the documentation for possible work-arounds: https://github.com/ml-explore/mlx-lm/tree/main#large-models
[WARNING] Generating with a model that requires 16378 MB which is close to the maximum recommended size of 18186 MB. This can be slow. See the documentation for possible work-arounds: https://github.com/ml-explore/mlx-lm/tree/main#large-models
[WARNING] Generating with a model that requires 16378 MB which is close to the maximum recommended size of 18186 MB. This can be slow. See the documentation for possible work-arounds: https://github.com/ml-explore/mlx-lm/tree/main#large-models
[WARNING] Generating with a model that requires 16378 MB which is close to the maximum recommended size of 18186 MB. This can be slow. See the documentation for possible work-arounds: https://github.com/ml-explore/mlx-lm/tree/main#large-models
[WARNING] Generating with a model that requires 16378 MB which is close to the maximum recommended size of 18186 MB. This can be slow. See the documentation for possible work-arounds: https://github.com/ml-explore/mlx-lm/tree/main#large-models
[WARNING] Generating with a model that requires 16378 MB which is close to the maximum recommended size of 18186 MB. This can be slow. See the documentation for possible work-arounds: https://github.com/ml-explore/mlx-lm/tree/main#large-models
[WARNING] Generating with a model that requires 16378 MB which is close to the maximum recommended size of 18186 MB. This can be slow. See the documentation for possible work-arounds: https://github.com/ml-explore/mlx-lm/tree/main#large-models
[WARNING] Generating with a model that requires 16378 MB which is close to the maximum recommended size of 18186 MB. This can be slow. See the documentation for possible work-arounds: https://github.com/ml-explore/mlx-lm/tree/main#large-models
[WARNING] Generating with a model that requires 16378 MB which is close to the maximum recommended size of 18186 MB. This can be slow. See the documentation for possible work-arounds: https://github.com/ml-explore/mlx-lm/tree/main#large-models
[WARNING] Generating with a model that requires 16378 MB which is close to the maximum recommended size of 18186 MB. This can be slow. See the documentation for possible work-arounds: https://github.com/ml-explore/mlx-lm/tree/main#large-models
[WARNING] Generating with a model that requires 16378 MB which is close to the maximum recommended size of 18186 MB. This can be slow. See the documentation for possible work-arounds: https://github.com/ml-explore/mlx-lm/tree/main#large-models
[WARNING] Generating with a model that requires 16378 MB which is close to the maximum recommended size of 18186 MB. This can be slow. See the documentation for possible work-arounds: https://github.com/ml-explore/mlx-lm/tree/main#large-models
[WARNING] Generating with a model that requires 16378 MB which is close to the maximum recommended size of 18186 MB. This can be slow. See the documentation for possible work-arounds: https://github.com/ml-explore/mlx-lm/tree/main#large-models
[WARNING] Generating with a model that requires 16378 MB which is close to the maximum recommended size of 18186 MB. This can be slow. See the documentation for possible work-arounds: https://github.com/ml-explore/mlx-lm/tree/main#large-models
[WARNING] Generating with a model that requires 16378 MB which is close to the maximum recommended size of 18186 MB. This can be slow. See the documentation for possible work-arounds: https://github.com/ml-explore/mlx-lm/tree/main#large-models
[WARNING] Generating with a model that requires 16378 MB which is close to the maximum recommended size of 18186 MB. This can be slow. See the documentation for possible work-arounds: https://github.com/ml-explore/mlx-lm/tree/main#large-models
[WARNING] Generating with a model that requires 16378 MB which is close to the maximum recommended size of 18186 MB. This can be slow. See the documentation for possible work-arounds: https://github.com/ml-explore/mlx-lm/tree/main#large-models
[WARNING] Generating with a model that requires 16378 MB which is close to the maximum recommended size of 18186 MB. This can be slow. See the documentation for possible work-arounds: https://github.com/ml-explore/mlx-lm/tree/main#large-models
[WARNING] Generating with a model that requires 16378 MB which is close to the maximum recommended size of 18186 MB. This can be slow. See the documentation for possible work-arounds: https://github.com/ml-explore/mlx-lm/tree/main#large-models
[WARNING] Generating with a model that requires 16378 MB which is close to the maximum recommended size of 18186 MB. This can be slow. See the documentation for possible work-arounds: https://github.com/ml-explore/mlx-lm/tree/main#large-models
[WARNING] Generating with a model that requires 16378 MB which is close to the maximum recommended size of 18186 MB. This can be slow. See the documentation for possible work-arounds: https://github.com/ml-explore/mlx-lm/tree/main#large-models
[WARNING] Generating with a model that requires 16378 MB which is close to the maximum recommended size of 18186 MB. This can be slow. See the documentation for possible work-arounds: https://github.com/ml-explore/mlx-lm/tree/main#large-models
[WARNING] Generating with a model that requires 16378 MB which is close to the maximum recommended size of 18186 MB. This can be slow. See the documentation for possible work-arounds: https://github.com/ml-explore/mlx-lm/tree/main#large-models
[WARNING] Generating with a model that requires 16378 MB which is close to the maximum recommended size of 18186 MB. This can be slow. See the documentation for possible work-arounds: https://github.com/ml-explore/mlx-lm/tree/main#large-models
[WARNING] Generating with a model that requires 16378 MB which is close to the maximum recommended size of 18186 MB. This can be slow. See the documentation for possible work-arounds: https://github.com/ml-explore/mlx-lm/tree/main#large-models
[WARNING] Generating with a model that requires 16378 MB which is close to the maximum recommended size of 18186 MB. This can be slow. See the documentation for possible work-arounds: https://github.com/ml-explore/mlx-lm/tree/main#large-models
[WARNING] Generating with a model that requires 16378 MB which is close to the maximum recommended size of 18186 MB. This can be slow. See the documentation for possible work-arounds: https://github.com/ml-explore/mlx-lm/tree/main#large-models
[WARNING] Generating with a model that requires 16378 MB which is close to the maximum recommended size of 18186 MB. This can be slow. See the documentation for possible work-arounds: https://github.com/ml-explore/mlx-lm/tree/main#large-models
[WARNING] Generating with a model that requires 16378 MB which is close to the maximum recommended size of 18186 MB. This can be slow. See the documentation for possible work-arounds: https://github.com/ml-explore/mlx-lm/tree/main#large-models
[WARNING] Generating with a model that requires 16378 MB which is close to the maximum recommended size of 18186 MB. This can be slow. See the documentation for possible work-arounds: https://github.com/ml-explore/mlx-lm/tree/main#large-models
[WARNING] Generating with a model that requires 16378 MB which is close to the maximum recommended size of 18186 MB. This can be slow. See the documentation for possible work-arounds: https://github.com/ml-explore/mlx-lm/tree/main#large-models
[WARNING] Generating with a model that requires 16378 MB which is close to the maximum recommended size of 18186 MB. This can be slow. See the documentation for possible work-arounds: https://github.com/ml-explore/mlx-lm/tree/main#large-models
  mmlu 100/500: 76 ok
[WARNING] Generating with a model that requires 16378 MB which is close to the maximum recommended size of 18186 MB. This can be slow. See the documentation for possible work-arounds: https://github.com/ml-explore/mlx-lm/tree/main#large-models
[WARNING] Generating with a model that requires 16378 MB which is close to the maximum recommended size of 18186 MB. This can be slow. See the documentation for possible work-arounds: https://github.com/ml-explore/mlx-lm/tree/main#large-models
[WARNING] Generating with a model that requires 16378 MB which is close to the maximum recommended size of 18186 MB. This can be slow. See the documentation for possible work-arounds: https://github.com/ml-explore/mlx-lm/tree/main#large-models
[WARNING] Generating with a model that requires 16378 MB which is close to the maximum recommended size of 18186 MB. This can be slow. See the documentation for possible work-arounds: https://github.com/ml-explore/mlx-lm/tree/main#large-models
[WARNING] Generating with a model that requires 16378 MB which is close to the maximum recommended size of 18186 MB. This can be slow. See the documentation for possible work-arounds: https://github.com/ml-explore/mlx-lm/tree/main#large-models
[WARNING] Generating with a model that requires 16378 MB which is close to the maximum recommended size of 18186 MB. This can be slow. See the documentation for possible work-arounds: https://github.com/ml-explore/mlx-lm/tree/main#large-models
[WARNING] Generating with a model that requires 16378 MB which is close to the maximum recommended size of 18186 MB. This can be slow. See the documentation for possible work-arounds: https://github.com/ml-explore/mlx-lm/tree/main#large-models
[WARNING] Generating with a model that requires 16378 MB which is close to the maximum recommended size of 18186 MB. This can be slow. See the documentation for possible work-arounds: https://github.com/ml-explore/mlx-lm/tree/main#large-models
[WARNING] Generating with a model that requires 16378 MB which is close to the maximum recommended size of 18186 MB. This can be slow. See the documentation for possible work-arounds: https://github.com/ml-explore/mlx-lm/tree/main#large-models
[WARNING] Generating with a model that requires 16378 MB which is close to the maximum recommended size of 18186 MB. This can be slow. See the documentation for possible work-arounds: https://github.com/ml-explore/mlx-lm/tree/main#large-models
[WARNING] Generating with a model that requires 16378 MB which is close to the maximum recommended size of 18186 MB. This can be slow. See the documentation for possible work-arounds: https://github.com/ml-explore/mlx-lm/tree/main#large-models
[WARNING] Generating with a model that requires 16378 MB which is close to the maximum recommended size of 18186 MB. This can be slow. See the documentation for possible work-arounds: https://github.com/ml-explore/mlx-lm/tree/main#large-models
[WARNING] Generating with a model that requires 16378 MB which is close to the maximum recommended size of 18186 MB. This can be slow. See the documentation for possible work-arounds: https://github.com/ml-explore/mlx-lm/tree/main#large-models
[WARNING] Generating with a model that requires 16378 MB which is close to the maximum recommended size of 18186 MB. This can be slow. See the documentation for possible work-arounds: https://github.com/ml-explore/mlx-lm/tree/main#large-models
[WARNING] Generating with a model that requires 16378 MB which is close to the maximum recommended size of 18186 MB. This can be slow. See the documentation for possible work-arounds: https://github.com/ml-explore/mlx-lm/tree/main#large-models
[WARNING] Generating with a model that requires 16378 MB which is close to the maximum recommended size of 18186 MB. This can be slow. See the documentation for possible work-arounds: https://github.com/ml-explore/mlx-lm/tree/main#large-models
[WARNING] Generating with a model that requires 16378 MB which is close to the maximum recommended size of 18186 MB. This can be slow. See the documentation for possible work-arounds: https://github.com/ml-explore/mlx-lm/tree/main#large-models
[WARNING] Generating with a model that requires 16378 MB which is close to the maximum recommended size of 18186 MB. This can be slow. See the documentation for possible work-arounds: https://github.com/ml-explore/mlx-lm/tree/main#large-models
[WARNING] Generating with a model that requires 16378 MB which is close to the maximum recommended size of 18186 MB. This can be slow. See the documentation for possible work-arounds: https://github.com/ml-explore/mlx-lm/tree/main#large-models
[WARNING] Generating with a model that requires 16378 MB which is close to the maximum recommended size of 18186 MB. This can be slow. See the documentation for possible work-arounds: https://github.com/ml-explore/mlx-lm/tree/main#large-models
[WARNING] Generating with a model that requires 16378 MB which is close to the maximum recommended size of 18186 MB. This can be slow. See the documentation for possible work-arounds: https://github.com/ml-explore/mlx-lm/tree/main#large-models
[WARNING] Generating with a model that requires 16378 MB which is close to the maximum recommended size of 18186 MB. This can be slow. See the documentation for possible work-arounds: https://github.com/ml-explore/mlx-lm/tree/main#large-models
[WARNING] Generating with a model that requires 16378 MB which is close to the maximum recommended size of 18186 MB. This can be slow. See the documentation for possible work-arounds: https://github.com/ml-explore/mlx-lm/tree/main#large-models
[WARNING] Generating with a model that requires 16378 MB which is close to the maximum recommended size of 18186 MB. This can be slow. See the documentation for possible work-arounds: https://github.com/ml-explore/mlx-lm/tree/main#large-models
[WARNING] Generating with a model that requires 16378 MB which is close to the maximum recommended size of 18186 MB. This can be slow. See the documentation for possible work-arounds: https://github.com/ml-explore/mlx-lm/tree/main#large-models
[WARNING] Generating with a model that requires 16378 MB which is close to the maximum recommended size of 18186 MB. This can be slow. See the documentation for possible work-arounds: https://github.com/ml-explore/mlx-lm/tree/main#large-models
[WARNING] Generating with a model that requires 16378 MB which is close to the maximum recommended size of 18186 MB. This can be slow. See the documentation for possible work-arounds: https://github.com/ml-explore/mlx-lm/tree/main#large-models
[WARNING] Generating with a model that requires 16378 MB which is close to the maximum recommended size of 18186 MB. This can be slow. See the documentation for possible work-arounds: https://github.com/ml-explore/mlx-lm/tree/main#large-models
[WARNING] Generating with a model that requires 16378 MB which is close to the maximum recommended size of 18186 MB. This can be slow. See the documentation for possible work-arounds: https://github.com/ml-explore/mlx-lm/tree/main#large-models
[WARNING] Generating with a model that requires 16378 MB which is close to the maximum recommended size of 18186 MB. This can be slow. See the documentation for possible work-arounds: https://github.com/ml-explore/mlx-lm/tree/main#large-models
[WARNING] Generating with a model that requires 16378 MB which is close to the maximum recommended size of 18186 MB. This can be slow. See the documentation for possible work-arounds: https://github.com/ml-explore/mlx-lm/tree/main#large-models
[WARNING] Generating with a model that requires 16378 MB which is close to the maximum recommended size of 18186 MB. This can be slow. See the documentation for possible work-arounds: https://github.com/ml-explore/mlx-lm/tree/main#large-models
[WARNING] Generating with a model that requires 16378 MB which is close to the maximum recommended size of 18186 MB. This can be slow. See the documentation for possible work-arounds: https://github.com/ml-explore/mlx-lm/tree/main#large-models
[WARNING] Generating with a model that requires 16378 MB which is close to the maximum recommended size of 18186 MB. This can be slow. See the documentation for possible work-arounds: https://github.com/ml-explore/mlx-lm/tree/main#large-models
[WARNING] Generating with a model that requires 16378 MB which is close to the maximum recommended size of 18186 MB. This can be slow. See the documentation for possible work-arounds: https://github.com/ml-explore/mlx-lm/tree/main#large-models
[WARNING] Generating with a model that requires 16378 MB which is close to the maximum recommended size of 18186 MB. This can be slow. See the documentation for possible work-arounds: https://github.com/ml-explore/mlx-lm/tree/main#large-models
[WARNING] Generating with a model that requires 16378 MB which is close to the maximum recommended size of 18186 MB. This can be slow. See the documentation for possible work-arounds: https://github.com/ml-explore/mlx-lm/tree/main#large-models
[WARNING] Generating with a model that requires 16378 MB which is close to the maximum recommended size of 18186 MB. This can be slow. See the documentation for possible work-arounds: https://github.com/ml-explore/mlx-lm/tree/main#large-models
[WARNING] Generating with a model that requires 16378 MB which is close to the maximum recommended size of 18186 MB. This can be slow. See the documentation for possible work-arounds: https://github.com/ml-explore/mlx-lm/tree/main#large-models
[WARNING] Generating with a model that requires 16378 MB which is close to the maximum recommended size of 18186 MB. This can be slow. See the documentation for possible work-arounds: https://github.com/ml-explore/mlx-lm/tree/main#large-models
[WARNING] Generating with a model that requires 16378 MB which is close to the maximum recommended size of 18186 MB. This can be slow. See the documentation for possible work-arounds: https://github.com/ml-explore/mlx-lm/tree/main#large-models
[WARNING] Generating with a model that requires 16378 MB which is close to the maximum recommended size of 18186 MB. This can be slow. See the documentation for possible work-arounds: https://github.com/ml-explore/mlx-lm/tree/main#large-models
[WARNING] Generating with a model that requires 16378 MB which is close to the maximum recommended size of 18186 MB. This can be slow. See the documentation for possible work-arounds: https://github.com/ml-explore/mlx-lm/tree/main#large-models
[WARNING] Generating with a model that requires 16378 MB which is close to the maximum recommended size of 18186 MB. This can be slow. See the documentation for possible work-arounds: https://github.com/ml-explore/mlx-lm/tree/main#large-models
[WARNING] Generating with a model that requires 16378 MB which is close to the maximum recommended size of 18186 MB. This can be slow. See the documentation for possible work-arounds: https://github.com/ml-explore/mlx-lm/tree/main#large-models
[WARNING] Generating with a model that requires 16378 MB which is close to the maximum recommended size of 18186 MB. This can be slow. See the documentation for possible work-arounds: https://github.com/ml-explore/mlx-lm/tree/main#large-models
[WARNING] Generating with a model that requires 16378 MB which is close to the maximum recommended size of 18186 MB. This can be slow. See the documentation for possible work-arounds: https://github.com/ml-explore/mlx-lm/tree/main#large-models
[WARNING] Generating with a model that requires 16378 MB which is close to the maximum recommended size of 18186 MB. This can be slow. See the documentation for possible work-arounds: https://github.com/ml-explore/mlx-lm/tree/main#large-models
[WARNING] Generating with a model that requires 16378 MB which is close to the maximum recommended size of 18186 MB. This can be slow. See the documentation for possible work-arounds: https://github.com/ml-explore/mlx-lm/tree/main#large-models
[WARNING] Generating with a model that requires 16378 MB which is close to the maximum recommended size of 18186 MB. This can be slow. See the documentation for possible work-arounds: https://github.com/ml-explore/mlx-lm/tree/main#large-models
  mmlu 150/500: 113 ok
[WARNING] Generating with a model that requires 16378 MB which is close to the maximum recommended size of 18186 MB. This can be slow. See the documentation for possible work-arounds: https://github.com/ml-explore/mlx-lm/tree/main#large-models
[WARNING] Generating with a model that requires 16378 MB which is close to the maximum recommended size of 18186 MB. This can be slow. See the documentation for possible work-arounds: https://github.com/ml-explore/mlx-lm/tree/main#large-models
[WARNING] Generating with a model that requires 16378 MB which is close to the maximum recommended size of 18186 MB. This can be slow. See the documentation for possible work-arounds: https://github.com/ml-explore/mlx-lm/tree/main#large-models
[WARNING] Generating with a model that requires 16378 MB which is close to the maximum recommended size of 18186 MB. This can be slow. See the documentation for possible work-arounds: https://github.com/ml-explore/mlx-lm/tree/main#large-models
[WARNING] Generating with a model that requires 16378 MB which is close to the maximum recommended size of 18186 MB. This can be slow. See the documentation for possible work-arounds: https://github.com/ml-explore/mlx-lm/tree/main#large-models
[WARNING] Generating with a model that requires 16378 MB which is close to the maximum recommended size of 18186 MB. This can be slow. See the documentation for possible work-arounds: https://github.com/ml-explore/mlx-lm/tree/main#large-models
[WARNING] Generating with a model that requires 16378 MB which is close to the maximum recommended size of 18186 MB. This can be slow. See the documentation for possible work-arounds: https://github.com/ml-explore/mlx-lm/tree/main#large-models
[WARNING] Generating with a model that requires 16378 MB which is close to the maximum recommended size of 18186 MB. This can be slow. See the documentation for possible work-arounds: https://github.com/ml-explore/mlx-lm/tree/main#large-models
[WARNING] Generating with a model that requires 16378 MB which is close to the maximum recommended size of 18186 MB. This can be slow. See the documentation for possible work-arounds: https://github.com/ml-explore/mlx-lm/tree/main#large-models
[WARNING] Generating with a model that requires 16378 MB which is close to the maximum recommended size of 18186 MB. This can be slow. See the documentation for possible work-arounds: https://github.com/ml-explore/mlx-lm/tree/main#large-models
[WARNING] Generating with a model that requires 16378 MB which is close to the maximum recommended size of 18186 MB. This can be slow. See the documentation for possible work-arounds: https://github.com/ml-explore/mlx-lm/tree/main#large-models
[WARNING] Generating with a model that requires 16378 MB which is close to the maximum recommended size of 18186 MB. This can be slow. See the documentation for possible work-arounds: https://github.com/ml-explore/mlx-lm/tree/main#large-models
[WARNING] Generating with a model that requires 16378 MB which is close to the maximum recommended size of 18186 MB. This can be slow. See the documentation for possible work-arounds: https://github.com/ml-explore/mlx-lm/tree/main#large-models
[WARNING] Generating with a model that requires 16378 MB which is close to the maximum recommended size of 18186 MB. This can be slow. See the documentation for possible work-arounds: https://github.com/ml-explore/mlx-lm/tree/main#large-models
[WARNING] Generating with a model that requires 16378 MB which is close to the maximum recommended size of 18186 MB. This can be slow. See the documentation for possible work-arounds: https://github.com/ml-explore/mlx-lm/tree/main#large-models
[WARNING] Generating with a model that requires 16378 MB which is close to the maximum recommended size of 18186 MB. This can be slow. See the documentation for possible work-arounds: https://github.com/ml-explore/mlx-lm/tree/main#large-models
[WARNING] Generating with a model that requires 16378 MB which is close to the maximum recommended size of 18186 MB. This can be slow. See the documentation for possible work-arounds: https://github.com/ml-explore/mlx-lm/tree/main#large-models
[WARNING] Generating with a model that requires 16378 MB which is close to the maximum recommended size of 18186 MB. This can be slow. See the documentation for possible work-arounds: https://github.com/ml-explore/mlx-lm/tree/main#large-models
[WARNING] Generating with a model that requires 16378 MB which is close to the maximum recommended size of 18186 MB. This can be slow. See the documentation for possible work-arounds: https://github.com/ml-explore/mlx-lm/tree/main#large-models
[WARNING] Generating with a model that requires 16378 MB which is close to the maximum recommended size of 18186 MB. This can be slow. See the documentation for possible work-arounds: https://github.com/ml-explore/mlx-lm/tree/main#large-models
[WARNING] Generating with a model that requires 16378 MB which is close to the maximum recommended size of 18186 MB. This can be slow. See the documentation for possible work-arounds: https://github.com/ml-explore/mlx-lm/tree/main#large-models
[WARNING] Generating with a model that requires 16378 MB which is close to the maximum recommended size of 18186 MB. This can be slow. See the documentation for possible work-arounds: https://github.com/ml-explore/mlx-lm/tree/main#large-models
[WARNING] Generating with a model that requires 16378 MB which is close to the maximum recommended size of 18186 MB. This can be slow. See the documentation for possible work-arounds: https://github.com/ml-explore/mlx-lm/tree/main#large-models
[WARNING] Generating with a model that requires 16378 MB which is close to the maximum recommended size of 18186 MB. This can be slow. See the documentation for possible work-arounds: https://github.com/ml-explore/mlx-lm/tree/main#large-models
[WARNING] Generating with a model that requires 16378 MB which is close to the maximum recommended size of 18186 MB. This can be slow. See the documentation for possible work-arounds: https://github.com/ml-explore/mlx-lm/tree/main#large-models
[WARNING] Generating with a model that requires 16378 MB which is close to the maximum recommended size of 18186 MB. This can be slow. See the documentation for possible work-arounds: https://github.com/ml-explore/mlx-lm/tree/main#large-models
[WARNING] Generating with a model that requires 16378 MB which is close to the maximum recommended size of 18186 MB. This can be slow. See the documentation for possible work-arounds: https://github.com/ml-explore/mlx-lm/tree/main#large-models
[WARNING] Generating with a model that requires 16378 MB which is close to the maximum recommended size of 18186 MB. This can be slow. See the documentation for possible work-arounds: https://github.com/ml-explore/mlx-lm/tree/main#large-models
[WARNING] Generating with a model that requires 16378 MB which is close to the maximum recommended size of 18186 MB. This can be slow. See the documentation for possible work-arounds: https://github.com/ml-explore/mlx-lm/tree/main#large-models
[WARNING] Generating with a model that requires 16378 MB which is close to the maximum recommended size of 18186 MB. This can be slow. See the documentation for possible work-arounds: https://github.com/ml-explore/mlx-lm/tree/main#large-models
[WARNING] Generating with a model that requires 16378 MB which is close to the maximum recommended size of 18186 MB. This can be slow. See the documentation for possible work-arounds: https://github.com/ml-explore/mlx-lm/tree/main#large-models
[WARNING] Generating with a model that requires 16378 MB which is close to the maximum recommended size of 18186 MB. This can be slow. See the documentation for possible work-arounds: https://github.com/ml-explore/mlx-lm/tree/main#large-models
[WARNING] Generating with a model that requires 16378 MB which is close to the maximum recommended size of 18186 MB. This can be slow. See the documentation for possible work-arounds: https://github.com/ml-explore/mlx-lm/tree/main#large-models
[WARNING] Generating with a model that requires 16378 MB which is close to the maximum recommended size of 18186 MB. This can be slow. See the documentation for possible work-arounds: https://github.com/ml-explore/mlx-lm/tree/main#large-models
[WARNING] Generating with a model that requires 16378 MB which is close to the maximum recommended size of 18186 MB. This can be slow. See the documentation for possible work-arounds: https://github.com/ml-explore/mlx-lm/tree/main#large-models
[WARNING] Generating with a model that requires 16378 MB which is close to the maximum recommended size of 18186 MB. This can be slow. See the documentation for possible work-arounds: https://github.com/ml-explore/mlx-lm/tree/main#large-models
[WARNING] Generating with a model that requires 16378 MB which is close to the maximum recommended size of 18186 MB. This can be slow. See the documentation for possible work-arounds: https://github.com/ml-explore/mlx-lm/tree/main#large-models
[WARNING] Generating with a model that requires 16378 MB which is close to the maximum recommended size of 18186 MB. This can be slow. See the documentation for possible work-arounds: https://github.com/ml-explore/mlx-lm/tree/main#large-models
[WARNING] Generating with a model that requires 16378 MB which is close to the maximum recommended size of 18186 MB. This can be slow. See the documentation for possible work-arounds: https://github.com/ml-explore/mlx-lm/tree/main#large-models
[WARNING] Generating with a model that requires 16378 MB which is close to the maximum recommended size of 18186 MB. This can be slow. See the documentation for possible work-arounds: https://github.com/ml-explore/mlx-lm/tree/main#large-models
[WARNING] Generating with a model that requires 16378 MB which is close to the maximum recommended size of 18186 MB. This can be slow. See the documentation for possible work-arounds: https://github.com/ml-explore/mlx-lm/tree/main#large-models
[WARNING] Generating with a model that requires 16378 MB which is close to the maximum recommended size of 18186 MB. This can be slow. See the documentation for possible work-arounds: https://github.com/ml-explore/mlx-lm/tree/main#large-models
[WARNING] Generating with a model that requires 16378 MB which is close to the maximum recommended size of 18186 MB. This can be slow. See the documentation for possible work-arounds: https://github.com/ml-explore/mlx-lm/tree/main#large-models
[WARNING] Generating with a model that requires 16378 MB which is close to the maximum recommended size of 18186 MB. This can be slow. See the documentation for possible work-arounds: https://github.com/ml-explore/mlx-lm/tree/main#large-models
[WARNING] Generating with a model that requires 16378 MB which is close to the maximum recommended size of 18186 MB. This can be slow. See the documentation for possible work-arounds: https://github.com/ml-explore/mlx-lm/tree/main#large-models
[WARNING] Generating with a model that requires 16378 MB which is close to the maximum recommended size of 18186 MB. This can be slow. See the documentation for possible work-arounds: https://github.com/ml-explore/mlx-lm/tree/main#large-models
[WARNING] Generating with a model that requires 16378 MB which is close to the maximum recommended size of 18186 MB. This can be slow. See the documentation for possible work-arounds: https://github.com/ml-explore/mlx-lm/tree/main#large-models
[WARNING] Generating with a model that requires 16378 MB which is close to the maximum recommended size of 18186 MB. This can be slow. See the documentation for possible work-arounds: https://github.com/ml-explore/mlx-lm/tree/main#large-models
[WARNING] Generating with a model that requires 16378 MB which is close to the maximum recommended size of 18186 MB. This can be slow. See the documentation for possible work-arounds: https://github.com/ml-explore/mlx-lm/tree/main#large-models
[WARNING] Generating with a model that requires 16378 MB which is close to the maximum recommended size of 18186 MB. This can be slow. See the documentation for possible work-arounds: https://github.com/ml-explore/mlx-lm/tree/main#large-models
  mmlu 200/500: 155 ok
[WARNING] Generating with a model that requires 16378 MB which is close to the maximum recommended size of 18186 MB. This can be slow. See the documentation for possible work-arounds: https://github.com/ml-explore/mlx-lm/tree/main#large-models
[WARNING] Generating with a model that requires 16378 MB which is close to the maximum recommended size of 18186 MB. This can be slow. See the documentation for possible work-arounds: https://github.com/ml-explore/mlx-lm/tree/main#large-models
[WARNING] Generating with a model that requires 16378 MB which is close to the maximum recommended size of 18186 MB. This can be slow. See the documentation for possible work-arounds: https://github.com/ml-explore/mlx-lm/tree/main#large-models
[WARNING] Generating with a model that requires 16378 MB which is close to the maximum recommended size of 18186 MB. This can be slow. See the documentation for possible work-arounds: https://github.com/ml-explore/mlx-lm/tree/main#large-models
[WARNING] Generating with a model that requires 16378 MB which is close to the maximum recommended size of 18186 MB. This can be slow. See the documentation for possible work-arounds: https://github.com/ml-explore/mlx-lm/tree/main#large-models
[WARNING] Generating with a model that requires 16378 MB which is close to the maximum recommended size of 18186 MB. This can be slow. See the documentation for possible work-arounds: https://github.com/ml-explore/mlx-lm/tree/main#large-models
[WARNING] Generating with a model that requires 16378 MB which is close to the maximum recommended size of 18186 MB. This can be slow. See the documentation for possible work-arounds: https://github.com/ml-explore/mlx-lm/tree/main#large-models
[WARNING] Generating with a model that requires 16378 MB which is close to the maximum recommended size of 18186 MB. This can be slow. See the documentation for possible work-arounds: https://github.com/ml-explore/mlx-lm/tree/main#large-models
[WARNING] Generating with a model that requires 16378 MB which is close to the maximum recommended size of 18186 MB. This can be slow. See the documentation for possible work-arounds: https://github.com/ml-explore/mlx-lm/tree/main#large-models
[WARNING] Generating with a model that requires 16378 MB which is close to the maximum recommended size of 18186 MB. This can be slow. See the documentation for possible work-arounds: https://github.com/ml-explore/mlx-lm/tree/main#large-models
[WARNING] Generating with a model that requires 16378 MB which is close to the maximum recommended size of 18186 MB. This can be slow. See the documentation for possible work-arounds: https://github.com/ml-explore/mlx-lm/tree/main#large-models
[WARNING] Generating with a model that requires 16378 MB which is close to the maximum recommended size of 18186 MB. This can be slow. See the documentation for possible work-arounds: https://github.com/ml-explore/mlx-lm/tree/main#large-models
[WARNING] Generating with a model that requires 16378 MB which is close to the maximum recommended size of 18186 MB. This can be slow. See the documentation for possible work-arounds: https://github.com/ml-explore/mlx-lm/tree/main#large-models
[WARNING] Generating with a model that requires 16378 MB which is close to the maximum recommended size of 18186 MB. This can be slow. See the documentation for possible work-arounds: https://github.com/ml-explore/mlx-lm/tree/main#large-models
[WARNING] Generating with a model that requires 16378 MB which is close to the maximum recommended size of 18186 MB. This can be slow. See the documentation for possible work-arounds: https://github.com/ml-explore/mlx-lm/tree/main#large-models
[WARNING] Generating with a model that requires 16378 MB which is close to the maximum recommended size of 18186 MB. This can be slow. See the documentation for possible work-arounds: https://github.com/ml-explore/mlx-lm/tree/main#large-models
[WARNING] Generating with a model that requires 16378 MB which is close to the maximum recommended size of 18186 MB. This can be slow. See the documentation for possible work-arounds: https://github.com/ml-explore/mlx-lm/tree/main#large-models
[WARNING] Generating with a model that requires 16378 MB which is close to the maximum recommended size of 18186 MB. This can be slow. See the documentation for possible work-arounds: https://github.com/ml-explore/mlx-lm/tree/main#large-models
[WARNING] Generating with a model that requires 16378 MB which is close to the maximum recommended size of 18186 MB. This can be slow. See the documentation for possible work-arounds: https://github.com/ml-explore/mlx-lm/tree/main#large-models
[WARNING] Generating with a model that requires 16378 MB which is close to the maximum recommended size of 18186 MB. This can be slow. See the documentation for possible work-arounds: https://github.com/ml-explore/mlx-lm/tree/main#large-models
[WARNING] Generating with a model that requires 16378 MB which is close to the maximum recommended size of 18186 MB. This can be slow. See the documentation for possible work-arounds: https://github.com/ml-explore/mlx-lm/tree/main#large-models
[WARNING] Generating with a model that requires 16378 MB which is close to the maximum recommended size of 18186 MB. This can be slow. See the documentation for possible work-arounds: https://github.com/ml-explore/mlx-lm/tree/main#large-models
[WARNING] Generating with a model that requires 16378 MB which is close to the maximum recommended size of 18186 MB. This can be slow. See the documentation for possible work-arounds: https://github.com/ml-explore/mlx-lm/tree/main#large-models
[WARNING] Generating with a model that requires 16378 MB which is close to the maximum recommended size of 18186 MB. This can be slow. See the documentation for possible work-arounds: https://github.com/ml-explore/mlx-lm/tree/main#large-models
[WARNING] Generating with a model that requires 16378 MB which is close to the maximum recommended size of 18186 MB. This can be slow. See the documentation for possible work-arounds: https://github.com/ml-explore/mlx-lm/tree/main#large-models
[WARNING] Generating with a model that requires 16378 MB which is close to the maximum recommended size of 18186 MB. This can be slow. See the documentation for possible work-arounds: https://github.com/ml-explore/mlx-lm/tree/main#large-models
[WARNING] Generating with a model that requires 16378 MB which is close to the maximum recommended size of 18186 MB. This can be slow. See the documentation for possible work-arounds: https://github.com/ml-explore/mlx-lm/tree/main#large-models
[WARNING] Generating with a model that requires 16378 MB which is close to the maximum recommended size of 18186 MB. This can be slow. See the documentation for possible work-arounds: https://github.com/ml-explore/mlx-lm/tree/main#large-models
[WARNING] Generating with a model that requires 16378 MB which is close to the maximum recommended size of 18186 MB. This can be slow. See the documentation for possible work-arounds: https://github.com/ml-explore/mlx-lm/tree/main#large-models
[WARNING] Generating with a model that requires 16378 MB which is close to the maximum recommended size of 18186 MB. This can be slow. See the documentation for possible work-arounds: https://github.com/ml-explore/mlx-lm/tree/main#large-models
[WARNING] Generating with a model that requires 16378 MB which is close to the maximum recommended size of 18186 MB. This can be slow. See the documentation for possible work-arounds: https://github.com/ml-explore/mlx-lm/tree/main#large-models
[WARNING] Generating with a model that requires 16378 MB which is close to the maximum recommended size of 18186 MB. This can be slow. See the documentation for possible work-arounds: https://github.com/ml-explore/mlx-lm/tree/main#large-models
[WARNING] Generating with a model that requires 16378 MB which is close to the maximum recommended size of 18186 MB. This can be slow. See the documentation for possible work-arounds: https://github.com/ml-explore/mlx-lm/tree/main#large-models
[WARNING] Generating with a model that requires 16378 MB which is close to the maximum recommended size of 18186 MB. This can be slow. See the documentation for possible work-arounds: https://github.com/ml-explore/mlx-lm/tree/main#large-models
[WARNING] Generating with a model that requires 16378 MB which is close to the maximum recommended size of 18186 MB. This can be slow. See the documentation for possible work-arounds: https://github.com/ml-explore/mlx-lm/tree/main#large-models
[WARNING] Generating with a model that requires 16378 MB which is close to the maximum recommended size of 18186 MB. This can be slow. See the documentation for possible work-arounds: https://github.com/ml-explore/mlx-lm/tree/main#large-models
[WARNING] Generating with a model that requires 16378 MB which is close to the maximum recommended size of 18186 MB. This can be slow. See the documentation for possible work-arounds: https://github.com/ml-explore/mlx-lm/tree/main#large-models
[WARNING] Generating with a model that requires 16378 MB which is close to the maximum recommended size of 18186 MB. This can be slow. See the documentation for possible work-arounds: https://github.com/ml-explore/mlx-lm/tree/main#large-models
[WARNING] Generating with a model that requires 16378 MB which is close to the maximum recommended size of 18186 MB. This can be slow. See the documentation for possible work-arounds: https://github.com/ml-explore/mlx-lm/tree/main#large-models
[WARNING] Generating with a model that requires 16378 MB which is close to the maximum recommended size of 18186 MB. This can be slow. See the documentation for possible work-arounds: https://github.com/ml-explore/mlx-lm/tree/main#large-models
[WARNING] Generating with a model that requires 16378 MB which is close to the maximum recommended size of 18186 MB. This can be slow. See the documentation for possible work-arounds: https://github.com/ml-explore/mlx-lm/tree/main#large-models
[WARNING] Generating with a model that requires 16378 MB which is close to the maximum recommended size of 18186 MB. This can be slow. See the documentation for possible work-arounds: https://github.com/ml-explore/mlx-lm/tree/main#large-models
[WARNING] Generating with a model that requires 16378 MB which is close to the maximum recommended size of 18186 MB. This can be slow. See the documentation for possible work-arounds: https://github.com/ml-explore/mlx-lm/tree/main#large-models
[WARNING] Generating with a model that requires 16378 MB which is close to the maximum recommended size of 18186 MB. This can be slow. See the documentation for possible work-arounds: https://github.com/ml-explore/mlx-lm/tree/main#large-models
[WARNING] Generating with a model that requires 16378 MB which is close to the maximum recommended size of 18186 MB. This can be slow. See the documentation for possible work-arounds: https://github.com/ml-explore/mlx-lm/tree/main#large-models
[WARNING] Generating with a model that requires 16378 MB which is close to the maximum recommended size of 18186 MB. This can be slow. See the documentation for possible work-arounds: https://github.com/ml-explore/mlx-lm/tree/main#large-models
[WARNING] Generating with a model that requires 16378 MB which is close to the maximum recommended size of 18186 MB. This can be slow. See the documentation for possible work-arounds: https://github.com/ml-explore/mlx-lm/tree/main#large-models
[WARNING] Generating with a model that requires 16378 MB which is close to the maximum recommended size of 18186 MB. This can be slow. See the documentation for possible work-arounds: https://github.com/ml-explore/mlx-lm/tree/main#large-models
[WARNING] Generating with a model that requires 16378 MB which is close to the maximum recommended size of 18186 MB. This can be slow. See the documentation for possible work-arounds: https://github.com/ml-explore/mlx-lm/tree/main#large-models
[WARNING] Generating with a model that requires 16378 MB which is close to the maximum recommended size of 18186 MB. This can be slow. See the documentation for possible work-arounds: https://github.com/ml-explore/mlx-lm/tree/main#large-models
  mmlu 250/500: 190 ok
[WARNING] Generating with a model that requires 16378 MB which is close to the maximum recommended size of 18186 MB. This can be slow. See the documentation for possible work-arounds: https://github.com/ml-explore/mlx-lm/tree/main#large-models
[WARNING] Generating with a model that requires 16378 MB which is close to the maximum recommended size of 18186 MB. This can be slow. See the documentation for possible work-arounds: https://github.com/ml-explore/mlx-lm/tree/main#large-models
[WARNING] Generating with a model that requires 16378 MB which is close to the maximum recommended size of 18186 MB. This can be slow. See the documentation for possible work-arounds: https://github.com/ml-explore/mlx-lm/tree/main#large-models
[WARNING] Generating with a model that requires 16378 MB which is close to the maximum recommended size of 18186 MB. This can be slow. See the documentation for possible work-arounds: https://github.com/ml-explore/mlx-lm/tree/main#large-models
[WARNING] Generating with a model that requires 16378 MB which is close to the maximum recommended size of 18186 MB. This can be slow. See the documentation for possible work-arounds: https://github.com/ml-explore/mlx-lm/tree/main#large-models
[WARNING] Generating with a model that requires 16378 MB which is close to the maximum recommended size of 18186 MB. This can be slow. See the documentation for possible work-arounds: https://github.com/ml-explore/mlx-lm/tree/main#large-models
[WARNING] Generating with a model that requires 16378 MB which is close to the maximum recommended size of 18186 MB. This can be slow. See the documentation for possible work-arounds: https://github.com/ml-explore/mlx-lm/tree/main#large-models
[WARNING] Generating with a model that requires 16378 MB which is close to the maximum recommended size of 18186 MB. This can be slow. See the documentation for possible work-arounds: https://github.com/ml-explore/mlx-lm/tree/main#large-models
[WARNING] Generating with a model that requires 16378 MB which is close to the maximum recommended size of 18186 MB. This can be slow. See the documentation for possible work-arounds: https://github.com/ml-explore/mlx-lm/tree/main#large-models
[WARNING] Generating with a model that requires 16378 MB which is close to the maximum recommended size of 18186 MB. This can be slow. See the documentation for possible work-arounds: https://github.com/ml-explore/mlx-lm/tree/main#large-models
[WARNING] Generating with a model that requires 16378 MB which is close to the maximum recommended size of 18186 MB. This can be slow. See the documentation for possible work-arounds: https://github.com/ml-explore/mlx-lm/tree/main#large-models
[WARNING] Generating with a model that requires 16378 MB which is close to the maximum recommended size of 18186 MB. This can be slow. See the documentation for possible work-arounds: https://github.com/ml-explore/mlx-lm/tree/main#large-models
[WARNING] Generating with a model that requires 16378 MB which is close to the maximum recommended size of 18186 MB. This can be slow. See the documentation for possible work-arounds: https://github.com/ml-explore/mlx-lm/tree/main#large-models
[WARNING] Generating with a model that requires 16378 MB which is close to the maximum recommended size of 18186 MB. This can be slow. See the documentation for possible work-arounds: https://github.com/ml-explore/mlx-lm/tree/main#large-models
[WARNING] Generating with a model that requires 16378 MB which is close to the maximum recommended size of 18186 MB. This can be slow. See the documentation for possible work-arounds: https://github.com/ml-explore/mlx-lm/tree/main#large-models
[WARNING] Generating with a model that requires 16378 MB which is close to the maximum recommended size of 18186 MB. This can be slow. See the documentation for possible work-arounds: https://github.com/ml-explore/mlx-lm/tree/main#large-models
[WARNING] Generating with a model that requires 16378 MB which is close to the maximum recommended size of 18186 MB. This can be slow. See the documentation for possible work-arounds: https://github.com/ml-explore/mlx-lm/tree/main#large-models
[WARNING] Generating with a model that requires 16378 MB which is close to the maximum recommended size of 18186 MB. This can be slow. See the documentation for possible work-arounds: https://github.com/ml-explore/mlx-lm/tree/main#large-models
[WARNING] Generating with a model that requires 16378 MB which is close to the maximum recommended size of 18186 MB. This can be slow. See the documentation for possible work-arounds: https://github.com/ml-explore/mlx-lm/tree/main#large-models
[WARNING] Generating with a model that requires 16378 MB which is close to the maximum recommended size of 18186 MB. This can be slow. See the documentation for possible work-arounds: https://github.com/ml-explore/mlx-lm/tree/main#large-models
[WARNING] Generating with a model that requires 16378 MB which is close to the maximum recommended size of 18186 MB. This can be slow. See the documentation for possible work-arounds: https://github.com/ml-explore/mlx-lm/tree/main#large-models
[WARNING] Generating with a model that requires 16378 MB which is close to the maximum recommended size of 18186 MB. This can be slow. See the documentation for possible work-arounds: https://github.com/ml-explore/mlx-lm/tree/main#large-models
[WARNING] Generating with a model that requires 16378 MB which is close to the maximum recommended size of 18186 MB. This can be slow. See the documentation for possible work-arounds: https://github.com/ml-explore/mlx-lm/tree/main#large-models
[WARNING] Generating with a model that requires 16378 MB which is close to the maximum recommended size of 18186 MB. This can be slow. See the documentation for possible work-arounds: https://github.com/ml-explore/mlx-lm/tree/main#large-models
[WARNING] Generating with a model that requires 16378 MB which is close to the maximum recommended size of 18186 MB. This can be slow. See the documentation for possible work-arounds: https://github.com/ml-explore/mlx-lm/tree/main#large-models
[WARNING] Generating with a model that requires 16378 MB which is close to the maximum recommended size of 18186 MB. This can be slow. See the documentation for possible work-arounds: https://github.com/ml-explore/mlx-lm/tree/main#large-models
[WARNING] Generating with a model that requires 16378 MB which is close to the maximum recommended size of 18186 MB. This can be slow. See the documentation for possible work-arounds: https://github.com/ml-explore/mlx-lm/tree/main#large-models
[WARNING] Generating with a model that requires 16378 MB which is close to the maximum recommended size of 18186 MB. This can be slow. See the documentation for possible work-arounds: https://github.com/ml-explore/mlx-lm/tree/main#large-models
[WARNING] Generating with a model that requires 16378 MB which is close to the maximum recommended size of 18186 MB. This can be slow. See the documentation for possible work-arounds: https://github.com/ml-explore/mlx-lm/tree/main#large-models
[WARNING] Generating with a model that requires 16378 MB which is close to the maximum recommended size of 18186 MB. This can be slow. See the documentation for possible work-arounds: https://github.com/ml-explore/mlx-lm/tree/main#large-models
[WARNING] Generating with a model that requires 16378 MB which is close to the maximum recommended size of 18186 MB. This can be slow. See the documentation for possible work-arounds: https://github.com/ml-explore/mlx-lm/tree/main#large-models
[WARNING] Generating with a model that requires 16378 MB which is close to the maximum recommended size of 18186 MB. This can be slow. See the documentation for possible work-arounds: https://github.com/ml-explore/mlx-lm/tree/main#large-models
[WARNING] Generating with a model that requires 16378 MB which is close to the maximum recommended size of 18186 MB. This can be slow. See the documentation for possible work-arounds: https://github.com/ml-explore/mlx-lm/tree/main#large-models
[WARNING] Generating with a model that requires 16378 MB which is close to the maximum recommended size of 18186 MB. This can be slow. See the documentation for possible work-arounds: https://github.com/ml-explore/mlx-lm/tree/main#large-models
[WARNING] Generating with a model that requires 16378 MB which is close to the maximum recommended size of 18186 MB. This can be slow. See the documentation for possible work-arounds: https://github.com/ml-explore/mlx-lm/tree/main#large-models
[WARNING] Generating with a model that requires 16378 MB which is close to the maximum recommended size of 18186 MB. This can be slow. See the documentation for possible work-arounds: https://github.com/ml-explore/mlx-lm/tree/main#large-models
[WARNING] Generating with a model that requires 16378 MB which is close to the maximum recommended size of 18186 MB. This can be slow. See the documentation for possible work-arounds: https://github.com/ml-explore/mlx-lm/tree/main#large-models
[WARNING] Generating with a model that requires 16378 MB which is close to the maximum recommended size of 18186 MB. This can be slow. See the documentation for possible work-arounds: https://github.com/ml-explore/mlx-lm/tree/main#large-models
[WARNING] Generating with a model that requires 16378 MB which is close to the maximum recommended size of 18186 MB. This can be slow. See the documentation for possible work-arounds: https://github.com/ml-explore/mlx-lm/tree/main#large-models
[WARNING] Generating with a model that requires 16378 MB which is close to the maximum recommended size of 18186 MB. This can be slow. See the documentation for possible work-arounds: https://github.com/ml-explore/mlx-lm/tree/main#large-models
[WARNING] Generating with a model that requires 16378 MB which is close to the maximum recommended size of 18186 MB. This can be slow. See the documentation for possible work-arounds: https://github.com/ml-explore/mlx-lm/tree/main#large-models
[WARNING] Generating with a model that requires 16378 MB which is close to the maximum recommended size of 18186 MB. This can be slow. See the documentation for possible work-arounds: https://github.com/ml-explore/mlx-lm/tree/main#large-models
[WARNING] Generating with a model that requires 16378 MB which is close to the maximum recommended size of 18186 MB. This can be slow. See the documentation for possible work-arounds: https://github.com/ml-explore/mlx-lm/tree/main#large-models
[WARNING] Generating with a model that requires 16378 MB which is close to the maximum recommended size of 18186 MB. This can be slow. See the documentation for possible work-arounds: https://github.com/ml-explore/mlx-lm/tree/main#large-models
[WARNING] Generating with a model that requires 16378 MB which is close to the maximum recommended size of 18186 MB. This can be slow. See the documentation for possible work-arounds: https://github.com/ml-explore/mlx-lm/tree/main#large-models
[WARNING] Generating with a model that requires 16378 MB which is close to the maximum recommended size of 18186 MB. This can be slow. See the documentation for possible work-arounds: https://github.com/ml-explore/mlx-lm/tree/main#large-models
[WARNING] Generating with a model that requires 16378 MB which is close to the maximum recommended size of 18186 MB. This can be slow. See the documentation for possible work-arounds: https://github.com/ml-explore/mlx-lm/tree/main#large-models
[WARNING] Generating with a model that requires 16378 MB which is close to the maximum recommended size of 18186 MB. This can be slow. See the documentation for possible work-arounds: https://github.com/ml-explore/mlx-lm/tree/main#large-models
[WARNING] Generating with a model that requires 16378 MB which is close to the maximum recommended size of 18186 MB. This can be slow. See the documentation for possible work-arounds: https://github.com/ml-explore/mlx-lm/tree/main#large-models
[WARNING] Generating with a model that requires 16378 MB which is close to the maximum recommended size of 18186 MB. This can be slow. See the documentation for possible work-arounds: https://github.com/ml-explore/mlx-lm/tree/main#large-models
  mmlu 300/500: 227 ok
[WARNING] Generating with a model that requires 16378 MB which is close to the maximum recommended size of 18186 MB. This can be slow. See the documentation for possible work-arounds: https://github.com/ml-explore/mlx-lm/tree/main#large-models
[WARNING] Generating with a model that requires 16378 MB which is close to the maximum recommended size of 18186 MB. This can be slow. See the documentation for possible work-arounds: https://github.com/ml-explore/mlx-lm/tree/main#large-models
[WARNING] Generating with a model that requires 16378 MB which is close to the maximum recommended size of 18186 MB. This can be slow. See the documentation for possible work-arounds: https://github.com/ml-explore/mlx-lm/tree/main#large-models
[WARNING] Generating with a model that requires 16378 MB which is close to the maximum recommended size of 18186 MB. This can be slow. See the documentation for possible work-arounds: https://github.com/ml-explore/mlx-lm/tree/main#large-models
[WARNING] Generating with a model that requires 16378 MB which is close to the maximum recommended size of 18186 MB. This can be slow. See the documentation for possible work-arounds: https://github.com/ml-explore/mlx-lm/tree/main#large-models
[WARNING] Generating with a model that requires 16378 MB which is close to the maximum recommended size of 18186 MB. This can be slow. See the documentation for possible work-arounds: https://github.com/ml-explore/mlx-lm/tree/main#large-models
[WARNING] Generating with a model that requires 16378 MB which is close to the maximum recommended size of 18186 MB. This can be slow. See the documentation for possible work-arounds: https://github.com/ml-explore/mlx-lm/tree/main#large-models
[WARNING] Generating with a model that requires 16378 MB which is close to the maximum recommended size of 18186 MB. This can be slow. See the documentation for possible work-arounds: https://github.com/ml-explore/mlx-lm/tree/main#large-models
[WARNING] Generating with a model that requires 16378 MB which is close to the maximum recommended size of 18186 MB. This can be slow. See the documentation for possible work-arounds: https://github.com/ml-explore/mlx-lm/tree/main#large-models
[WARNING] Generating with a model that requires 16378 MB which is close to the maximum recommended size of 18186 MB. This can be slow. See the documentation for possible work-arounds: https://github.com/ml-explore/mlx-lm/tree/main#large-models
[WARNING] Generating with a model that requires 16378 MB which is close to the maximum recommended size of 18186 MB. This can be slow. See the documentation for possible work-arounds: https://github.com/ml-explore/mlx-lm/tree/main#large-models
[WARNING] Generating with a model that requires 16378 MB which is close to the maximum recommended size of 18186 MB. This can be slow. See the documentation for possible work-arounds: https://github.com/ml-explore/mlx-lm/tree/main#large-models
[WARNING] Generating with a model that requires 16378 MB which is close to the maximum recommended size of 18186 MB. This can be slow. See the documentation for possible work-arounds: https://github.com/ml-explore/mlx-lm/tree/main#large-models
[WARNING] Generating with a model that requires 16378 MB which is close to the maximum recommended size of 18186 MB. This can be slow. See the documentation for possible work-arounds: https://github.com/ml-explore/mlx-lm/tree/main#large-models
[WARNING] Generating with a model that requires 16378 MB which is close to the maximum recommended size of 18186 MB. This can be slow. See the documentation for possible work-arounds: https://github.com/ml-explore/mlx-lm/tree/main#large-models
[WARNING] Generating with a model that requires 16378 MB which is close to the maximum recommended size of 18186 MB. This can be slow. See the documentation for possible work-arounds: https://github.com/ml-explore/mlx-lm/tree/main#large-models
[WARNING] Generating with a model that requires 16378 MB which is close to the maximum recommended size of 18186 MB. This can be slow. See the documentation for possible work-arounds: https://github.com/ml-explore/mlx-lm/tree/main#large-models
[WARNING] Generating with a model that requires 16378 MB which is close to the maximum recommended size of 18186 MB. This can be slow. See the documentation for possible work-arounds: https://github.com/ml-explore/mlx-lm/tree/main#large-models
[WARNING] Generating with a model that requires 16378 MB which is close to the maximum recommended size of 18186 MB. This can be slow. See the documentation for possible work-arounds: https://github.com/ml-explore/mlx-lm/tree/main#large-models
[WARNING] Generating with a model that requires 16378 MB which is close to the maximum recommended size of 18186 MB. This can be slow. See the documentation for possible work-arounds: https://github.com/ml-explore/mlx-lm/tree/main#large-models
[WARNING] Generating with a model that requires 16378 MB which is close to the maximum recommended size of 18186 MB. This can be slow. See the documentation for possible work-arounds: https://github.com/ml-explore/mlx-lm/tree/main#large-models
[WARNING] Generating with a model that requires 16378 MB which is close to the maximum recommended size of 18186 MB. This can be slow. See the documentation for possible work-arounds: https://github.com/ml-explore/mlx-lm/tree/main#large-models
[WARNING] Generating with a model that requires 16378 MB which is close to the maximum recommended size of 18186 MB. This can be slow. See the documentation for possible work-arounds: https://github.com/ml-explore/mlx-lm/tree/main#large-models
[WARNING] Generating with a model that requires 16378 MB which is close to the maximum recommended size of 18186 MB. This can be slow. See the documentation for possible work-arounds: https://github.com/ml-explore/mlx-lm/tree/main#large-models
[WARNING] Generating with a model that requires 16378 MB which is close to the maximum recommended size of 18186 MB. This can be slow. See the documentation for possible work-arounds: https://github.com/ml-explore/mlx-lm/tree/main#large-models
[WARNING] Generating with a model that requires 16378 MB which is close to the maximum recommended size of 18186 MB. This can be slow. See the documentation for possible work-arounds: https://github.com/ml-explore/mlx-lm/tree/main#large-models
[WARNING] Generating with a model that requires 16378 MB which is close to the maximum recommended size of 18186 MB. This can be slow. See the documentation for possible work-arounds: https://github.com/ml-explore/mlx-lm/tree/main#large-models
[WARNING] Generating with a model that requires 16378 MB which is close to the maximum recommended size of 18186 MB. This can be slow. See the documentation for possible work-arounds: https://github.com/ml-explore/mlx-lm/tree/main#large-models
[WARNING] Generating with a model that requires 16378 MB which is close to the maximum recommended size of 18186 MB. This can be slow. See the documentation for possible work-arounds: https://github.com/ml-explore/mlx-lm/tree/main#large-models
[WARNING] Generating with a model that requires 16378 MB which is close to the maximum recommended size of 18186 MB. This can be slow. See the documentation for possible work-arounds: https://github.com/ml-explore/mlx-lm/tree/main#large-models
[WARNING] Generating with a model that requires 16378 MB which is close to the maximum recommended size of 18186 MB. This can be slow. See the documentation for possible work-arounds: https://github.com/ml-explore/mlx-lm/tree/main#large-models
[WARNING] Generating with a model that requires 16378 MB which is close to the maximum recommended size of 18186 MB. This can be slow. See the documentation for possible work-arounds: https://github.com/ml-explore/mlx-lm/tree/main#large-models
[WARNING] Generating with a model that requires 16378 MB which is close to the maximum recommended size of 18186 MB. This can be slow. See the documentation for possible work-arounds: https://github.com/ml-explore/mlx-lm/tree/main#large-models
[WARNING] Generating with a model that requires 16378 MB which is close to the maximum recommended size of 18186 MB. This can be slow. See the documentation for possible work-arounds: https://github.com/ml-explore/mlx-lm/tree/main#large-models
[WARNING] Generating with a model that requires 16378 MB which is close to the maximum recommended size of 18186 MB. This can be slow. See the documentation for possible work-arounds: https://github.com/ml-explore/mlx-lm/tree/main#large-models
[WARNING] Generating with a model that requires 16378 MB which is close to the maximum recommended size of 18186 MB. This can be slow. See the documentation for possible work-arounds: https://github.com/ml-explore/mlx-lm/tree/main#large-models
[WARNING] Generating with a model that requires 16378 MB which is close to the maximum recommended size of 18186 MB. This can be slow. See the documentation for possible work-arounds: https://github.com/ml-explore/mlx-lm/tree/main#large-models
[WARNING] Generating with a model that requires 16378 MB which is close to the maximum recommended size of 18186 MB. This can be slow. See the documentation for possible work-arounds: https://github.com/ml-explore/mlx-lm/tree/main#large-models
[WARNING] Generating with a model that requires 16378 MB which is close to the maximum recommended size of 18186 MB. This can be slow. See the documentation for possible work-arounds: https://github.com/ml-explore/mlx-lm/tree/main#large-models
[WARNING] Generating with a model that requires 16378 MB which is close to the maximum recommended size of 18186 MB. This can be slow. See the documentation for possible work-arounds: https://github.com/ml-explore/mlx-lm/tree/main#large-models
[WARNING] Generating with a model that requires 16378 MB which is close to the maximum recommended size of 18186 MB. This can be slow. See the documentation for possible work-arounds: https://github.com/ml-explore/mlx-lm/tree/main#large-models
[WARNING] Generating with a model that requires 16378 MB which is close to the maximum recommended size of 18186 MB. This can be slow. See the documentation for possible work-arounds: https://github.com/ml-explore/mlx-lm/tree/main#large-models
[WARNING] Generating with a model that requires 16378 MB which is close to the maximum recommended size of 18186 MB. This can be slow. See the documentation for possible work-arounds: https://github.com/ml-explore/mlx-lm/tree/main#large-models
[WARNING] Generating with a model that requires 16378 MB which is close to the maximum recommended size of 18186 MB. This can be slow. See the documentation for possible work-arounds: https://github.com/ml-explore/mlx-lm/tree/main#large-models
[WARNING] Generating with a model that requires 16378 MB which is close to the maximum recommended size of 18186 MB. This can be slow. See the documentation for possible work-arounds: https://github.com/ml-explore/mlx-lm/tree/main#large-models
[WARNING] Generating with a model that requires 16378 MB which is close to the maximum recommended size of 18186 MB. This can be slow. See the documentation for possible work-arounds: https://github.com/ml-explore/mlx-lm/tree/main#large-models
[WARNING] Generating with a model that requires 16378 MB which is close to the maximum recommended size of 18186 MB. This can be slow. See the documentation for possible work-arounds: https://github.com/ml-explore/mlx-lm/tree/main#large-models
[WARNING] Generating with a model that requires 16378 MB which is close to the maximum recommended size of 18186 MB. This can be slow. See the documentation for possible work-arounds: https://github.com/ml-explore/mlx-lm/tree/main#large-models
[WARNING] Generating with a model that requires 16378 MB which is close to the maximum recommended size of 18186 MB. This can be slow. See the documentation for possible work-arounds: https://github.com/ml-explore/mlx-lm/tree/main#large-models
[WARNING] Generating with a model that requires 16378 MB which is close to the maximum recommended size of 18186 MB. This can be slow. See the documentation for possible work-arounds: https://github.com/ml-explore/mlx-lm/tree/main#large-models
  mmlu 350/500: 271 ok
[WARNING] Generating with a model that requires 16378 MB which is close to the maximum recommended size of 18186 MB. This can be slow. See the documentation for possible work-arounds: https://github.com/ml-explore/mlx-lm/tree/main#large-models
[WARNING] Generating with a model that requires 16378 MB which is close to the maximum recommended size of 18186 MB. This can be slow. See the documentation for possible work-arounds: https://github.com/ml-explore/mlx-lm/tree/main#large-models
[WARNING] Generating with a model that requires 16378 MB which is close to the maximum recommended size of 18186 MB. This can be slow. See the documentation for possible work-arounds: https://github.com/ml-explore/mlx-lm/tree/main#large-models
[WARNING] Generating with a model that requires 16378 MB which is close to the maximum recommended size of 18186 MB. This can be slow. See the documentation for possible work-arounds: https://github.com/ml-explore/mlx-lm/tree/main#large-models
[WARNING] Generating with a model that requires 16378 MB which is close to the maximum recommended size of 18186 MB. This can be slow. See the documentation for possible work-arounds: https://github.com/ml-explore/mlx-lm/tree/main#large-models
[WARNING] Generating with a model that requires 16378 MB which is close to the maximum recommended size of 18186 MB. This can be slow. See the documentation for possible work-arounds: https://github.com/ml-explore/mlx-lm/tree/main#large-models
[WARNING] Generating with a model that requires 16378 MB which is close to the maximum recommended size of 18186 MB. This can be slow. See the documentation for possible work-arounds: https://github.com/ml-explore/mlx-lm/tree/main#large-models
[WARNING] Generating with a model that requires 16378 MB which is close to the maximum recommended size of 18186 MB. This can be slow. See the documentation for possible work-arounds: https://github.com/ml-explore/mlx-lm/tree/main#large-models
[WARNING] Generating with a model that requires 16378 MB which is close to the maximum recommended size of 18186 MB. This can be slow. See the documentation for possible work-arounds: https://github.com/ml-explore/mlx-lm/tree/main#large-models
[WARNING] Generating with a model that requires 16378 MB which is close to the maximum recommended size of 18186 MB. This can be slow. See the documentation for possible work-arounds: https://github.com/ml-explore/mlx-lm/tree/main#large-models
[WARNING] Generating with a model that requires 16378 MB which is close to the maximum recommended size of 18186 MB. This can be slow. See the documentation for possible work-arounds: https://github.com/ml-explore/mlx-lm/tree/main#large-models
[WARNING] Generating with a model that requires 16378 MB which is close to the maximum recommended size of 18186 MB. This can be slow. See the documentation for possible work-arounds: https://github.com/ml-explore/mlx-lm/tree/main#large-models
[WARNING] Generating with a model that requires 16378 MB which is close to the maximum recommended size of 18186 MB. This can be slow. See the documentation for possible work-arounds: https://github.com/ml-explore/mlx-lm/tree/main#large-models
[WARNING] Generating with a model that requires 16378 MB which is close to the maximum recommended size of 18186 MB. This can be slow. See the documentation for possible work-arounds: https://github.com/ml-explore/mlx-lm/tree/main#large-models
[WARNING] Generating with a model that requires 16378 MB which is close to the maximum recommended size of 18186 MB. This can be slow. See the documentation for possible work-arounds: https://github.com/ml-explore/mlx-lm/tree/main#large-models
[WARNING] Generating with a model that requires 16378 MB which is close to the maximum recommended size of 18186 MB. This can be slow. See the documentation for possible work-arounds: https://github.com/ml-explore/mlx-lm/tree/main#large-models
[WARNING] Generating with a model that requires 16378 MB which is close to the maximum recommended size of 18186 MB. This can be slow. See the documentation for possible work-arounds: https://github.com/ml-explore/mlx-lm/tree/main#large-models
[WARNING] Generating with a model that requires 16378 MB which is close to the maximum recommended size of 18186 MB. This can be slow. See the documentation for possible work-arounds: https://github.com/ml-explore/mlx-lm/tree/main#large-models
[WARNING] Generating with a model that requires 16378 MB which is close to the maximum recommended size of 18186 MB. This can be slow. See the documentation for possible work-arounds: https://github.com/ml-explore/mlx-lm/tree/main#large-models
[WARNING] Generating with a model that requires 16378 MB which is close to the maximum recommended size of 18186 MB. This can be slow. See the documentation for possible work-arounds: https://github.com/ml-explore/mlx-lm/tree/main#large-models
[WARNING] Generating with a model that requires 16378 MB which is close to the maximum recommended size of 18186 MB. This can be slow. See the documentation for possible work-arounds: https://github.com/ml-explore/mlx-lm/tree/main#large-models
[WARNING] Generating with a model that requires 16378 MB which is close to the maximum recommended size of 18186 MB. This can be slow. See the documentation for possible work-arounds: https://github.com/ml-explore/mlx-lm/tree/main#large-models
[WARNING] Generating with a model that requires 16378 MB which is close to the maximum recommended size of 18186 MB. This can be slow. See the documentation for possible work-arounds: https://github.com/ml-explore/mlx-lm/tree/main#large-models
[WARNING] Generating with a model that requires 16378 MB which is close to the maximum recommended size of 18186 MB. This can be slow. See the documentation for possible work-arounds: https://github.com/ml-explore/mlx-lm/tree/main#large-models
[WARNING] Generating with a model that requires 16378 MB which is close to the maximum recommended size of 18186 MB. This can be slow. See the documentation for possible work-arounds: https://github.com/ml-explore/mlx-lm/tree/main#large-models
[WARNING] Generating with a model that requires 16378 MB which is close to the maximum recommended size of 18186 MB. This can be slow. See the documentation for possible work-arounds: https://github.com/ml-explore/mlx-lm/tree/main#large-models
[WARNING] Generating with a model that requires 16378 MB which is close to the maximum recommended size of 18186 MB. This can be slow. See the documentation for possible work-arounds: https://github.com/ml-explore/mlx-lm/tree/main#large-models
[WARNING] Generating with a model that requires 16378 MB which is close to the maximum recommended size of 18186 MB. This can be slow. See the documentation for possible work-arounds: https://github.com/ml-explore/mlx-lm/tree/main#large-models
[WARNING] Generating with a model that requires 16378 MB which is close to the maximum recommended size of 18186 MB. This can be slow. See the documentation for possible work-arounds: https://github.com/ml-explore/mlx-lm/tree/main#large-models
[WARNING] Generating with a model that requires 16378 MB which is close to the maximum recommended size of 18186 MB. This can be slow. See the documentation for possible work-arounds: https://github.com/ml-explore/mlx-lm/tree/main#large-models
[WARNING] Generating with a model that requires 16378 MB which is close to the maximum recommended size of 18186 MB. This can be slow. See the documentation for possible work-arounds: https://github.com/ml-explore/mlx-lm/tree/main#large-models
[WARNING] Generating with a model that requires 16378 MB which is close to the maximum recommended size of 18186 MB. This can be slow. See the documentation for possible work-arounds: https://github.com/ml-explore/mlx-lm/tree/main#large-models
[WARNING] Generating with a model that requires 16378 MB which is close to the maximum recommended size of 18186 MB. This can be slow. See the documentation for possible work-arounds: https://github.com/ml-explore/mlx-lm/tree/main#large-models
[WARNING] Generating with a model that requires 16378 MB which is close to the maximum recommended size of 18186 MB. This can be slow. See the documentation for possible work-arounds: https://github.com/ml-explore/mlx-lm/tree/main#large-models
[WARNING] Generating with a model that requires 16378 MB which is close to the maximum recommended size of 18186 MB. This can be slow. See the documentation for possible work-arounds: https://github.com/ml-explore/mlx-lm/tree/main#large-models
[WARNING] Generating with a model that requires 16378 MB which is close to the maximum recommended size of 18186 MB. This can be slow. See the documentation for possible work-arounds: https://github.com/ml-explore/mlx-lm/tree/main#large-models
[WARNING] Generating with a model that requires 16378 MB which is close to the maximum recommended size of 18186 MB. This can be slow. See the documentation for possible work-arounds: https://github.com/ml-explore/mlx-lm/tree/main#large-models
[WARNING] Generating with a model that requires 16378 MB which is close to the maximum recommended size of 18186 MB. This can be slow. See the documentation for possible work-arounds: https://github.com/ml-explore/mlx-lm/tree/main#large-models
[WARNING] Generating with a model that requires 16378 MB which is close to the maximum recommended size of 18186 MB. This can be slow. See the documentation for possible work-arounds: https://github.com/ml-explore/mlx-lm/tree/main#large-models
[WARNING] Generating with a model that requires 16378 MB which is close to the maximum recommended size of 18186 MB. This can be slow. See the documentation for possible work-arounds: https://github.com/ml-explore/mlx-lm/tree/main#large-models
[WARNING] Generating with a model that requires 16378 MB which is close to the maximum recommended size of 18186 MB. This can be slow. See the documentation for possible work-arounds: https://github.com/ml-explore/mlx-lm/tree/main#large-models
[WARNING] Generating with a model that requires 16378 MB which is close to the maximum recommended size of 18186 MB. This can be slow. See the documentation for possible work-arounds: https://github.com/ml-explore/mlx-lm/tree/main#large-models
[WARNING] Generating with a model that requires 16378 MB which is close to the maximum recommended size of 18186 MB. This can be slow. See the documentation for possible work-arounds: https://github.com/ml-explore/mlx-lm/tree/main#large-models
[WARNING] Generating with a model that requires 16378 MB which is close to the maximum recommended size of 18186 MB. This can be slow. See the documentation for possible work-arounds: https://github.com/ml-explore/mlx-lm/tree/main#large-models
[WARNING] Generating with a model that requires 16378 MB which is close to the maximum recommended size of 18186 MB. This can be slow. See the documentation for possible work-arounds: https://github.com/ml-explore/mlx-lm/tree/main#large-models
[WARNING] Generating with a model that requires 16378 MB which is close to the maximum recommended size of 18186 MB. This can be slow. See the documentation for possible work-arounds: https://github.com/ml-explore/mlx-lm/tree/main#large-models
[WARNING] Generating with a model that requires 16378 MB which is close to the maximum recommended size of 18186 MB. This can be slow. See the documentation for possible work-arounds: https://github.com/ml-explore/mlx-lm/tree/main#large-models
[WARNING] Generating with a model that requires 16378 MB which is close to the maximum recommended size of 18186 MB. This can be slow. See the documentation for possible work-arounds: https://github.com/ml-explore/mlx-lm/tree/main#large-models
[WARNING] Generating with a model that requires 16378 MB which is close to the maximum recommended size of 18186 MB. This can be slow. See the documentation for possible work-arounds: https://github.com/ml-explore/mlx-lm/tree/main#large-models
[WARNING] Generating with a model that requires 16378 MB which is close to the maximum recommended size of 18186 MB. This can be slow. See the documentation for possible work-arounds: https://github.com/ml-explore/mlx-lm/tree/main#large-models
  mmlu 400/500: 312 ok
[WARNING] Generating with a model that requires 16378 MB which is close to the maximum recommended size of 18186 MB. This can be slow. See the documentation for possible work-arounds: https://github.com/ml-explore/mlx-lm/tree/main#large-models
[WARNING] Generating with a model that requires 16378 MB which is close to the maximum recommended size of 18186 MB. This can be slow. See the documentation for possible work-arounds: https://github.com/ml-explore/mlx-lm/tree/main#large-models
[WARNING] Generating with a model that requires 16378 MB which is close to the maximum recommended size of 18186 MB. This can be slow. See the documentation for possible work-arounds: https://github.com/ml-explore/mlx-lm/tree/main#large-models
[WARNING] Generating with a model that requires 16378 MB which is close to the maximum recommended size of 18186 MB. This can be slow. See the documentation for possible work-arounds: https://github.com/ml-explore/mlx-lm/tree/main#large-models
[WARNING] Generating with a model that requires 16378 MB which is close to the maximum recommended size of 18186 MB. This can be slow. See the documentation for possible work-arounds: https://github.com/ml-explore/mlx-lm/tree/main#large-models
[WARNING] Generating with a model that requires 16378 MB which is close to the maximum recommended size of 18186 MB. This can be slow. See the documentation for possible work-arounds: https://github.com/ml-explore/mlx-lm/tree/main#large-models
[WARNING] Generating with a model that requires 16378 MB which is close to the maximum recommended size of 18186 MB. This can be slow. See the documentation for possible work-arounds: https://github.com/ml-explore/mlx-lm/tree/main#large-models
[WARNING] Generating with a model that requires 16378 MB which is close to the maximum recommended size of 18186 MB. This can be slow. See the documentation for possible work-arounds: https://github.com/ml-explore/mlx-lm/tree/main#large-models
[WARNING] Generating with a model that requires 16378 MB which is close to the maximum recommended size of 18186 MB. This can be slow. See the documentation for possible work-arounds: https://github.com/ml-explore/mlx-lm/tree/main#large-models
[WARNING] Generating with a model that requires 16378 MB which is close to the maximum recommended size of 18186 MB. This can be slow. See the documentation for possible work-arounds: https://github.com/ml-explore/mlx-lm/tree/main#large-models
[WARNING] Generating with a model that requires 16378 MB which is close to the maximum recommended size of 18186 MB. This can be slow. See the documentation for possible work-arounds: https://github.com/ml-explore/mlx-lm/tree/main#large-models
[WARNING] Generating with a model that requires 16378 MB which is close to the maximum recommended size of 18186 MB. This can be slow. See the documentation for possible work-arounds: https://github.com/ml-explore/mlx-lm/tree/main#large-models
[WARNING] Generating with a model that requires 16378 MB which is close to the maximum recommended size of 18186 MB. This can be slow. See the documentation for possible work-arounds: https://github.com/ml-explore/mlx-lm/tree/main#large-models
[WARNING] Generating with a model that requires 16378 MB which is close to the maximum recommended size of 18186 MB. This can be slow. See the documentation for possible work-arounds: https://github.com/ml-explore/mlx-lm/tree/main#large-models
[WARNING] Generating with a model that requires 16378 MB which is close to the maximum recommended size of 18186 MB. This can be slow. See the documentation for possible work-arounds: https://github.com/ml-explore/mlx-lm/tree/main#large-models
[WARNING] Generating with a model that requires 16378 MB which is close to the maximum recommended size of 18186 MB. This can be slow. See the documentation for possible work-arounds: https://github.com/ml-explore/mlx-lm/tree/main#large-models
[WARNING] Generating with a model that requires 16378 MB which is close to the maximum recommended size of 18186 MB. This can be slow. See the documentation for possible work-arounds: https://github.com/ml-explore/mlx-lm/tree/main#large-models
[WARNING] Generating with a model that requires 16378 MB which is close to the maximum recommended size of 18186 MB. This can be slow. See the documentation for possible work-arounds: https://github.com/ml-explore/mlx-lm/tree/main#large-models
[WARNING] Generating with a model that requires 16378 MB which is close to the maximum recommended size of 18186 MB. This can be slow. See the documentation for possible work-arounds: https://github.com/ml-explore/mlx-lm/tree/main#large-models
[WARNING] Generating with a model that requires 16378 MB which is close to the maximum recommended size of 18186 MB. This can be slow. See the documentation for possible work-arounds: https://github.com/ml-explore/mlx-lm/tree/main#large-models
[WARNING] Generating with a model that requires 16378 MB which is close to the maximum recommended size of 18186 MB. This can be slow. See the documentation for possible work-arounds: https://github.com/ml-explore/mlx-lm/tree/main#large-models
[WARNING] Generating with a model that requires 16378 MB which is close to the maximum recommended size of 18186 MB. This can be slow. See the documentation for possible work-arounds: https://github.com/ml-explore/mlx-lm/tree/main#large-models
[WARNING] Generating with a model that requires 16378 MB which is close to the maximum recommended size of 18186 MB. This can be slow. See the documentation for possible work-arounds: https://github.com/ml-explore/mlx-lm/tree/main#large-models
[WARNING] Generating with a model that requires 16378 MB which is close to the maximum recommended size of 18186 MB. This can be slow. See the documentation for possible work-arounds: https://github.com/ml-explore/mlx-lm/tree/main#large-models
[WARNING] Generating with a model that requires 16378 MB which is close to the maximum recommended size of 18186 MB. This can be slow. See the documentation for possible work-arounds: https://github.com/ml-explore/mlx-lm/tree/main#large-models
[WARNING] Generating with a model that requires 16378 MB which is close to the maximum recommended size of 18186 MB. This can be slow. See the documentation for possible work-arounds: https://github.com/ml-explore/mlx-lm/tree/main#large-models
[WARNING] Generating with a model that requires 16378 MB which is close to the maximum recommended size of 18186 MB. This can be slow. See the documentation for possible work-arounds: https://github.com/ml-explore/mlx-lm/tree/main#large-models
[WARNING] Generating with a model that requires 16378 MB which is close to the maximum recommended size of 18186 MB. This can be slow. See the documentation for possible work-arounds: https://github.com/ml-explore/mlx-lm/tree/main#large-models
[WARNING] Generating with a model that requires 16378 MB which is close to the maximum recommended size of 18186 MB. This can be slow. See the documentation for possible work-arounds: https://github.com/ml-explore/mlx-lm/tree/main#large-models
[WARNING] Generating with a model that requires 16378 MB which is close to the maximum recommended size of 18186 MB. This can be slow. See the documentation for possible work-arounds: https://github.com/ml-explore/mlx-lm/tree/main#large-models
[WARNING] Generating with a model that requires 16378 MB which is close to the maximum recommended size of 18186 MB. This can be slow. See the documentation for possible work-arounds: https://github.com/ml-explore/mlx-lm/tree/main#large-models
[WARNING] Generating with a model that requires 16378 MB which is close to the maximum recommended size of 18186 MB. This can be slow. See the documentation for possible work-arounds: https://github.com/ml-explore/mlx-lm/tree/main#large-models
[WARNING] Generating with a model that requires 16378 MB which is close to the maximum recommended size of 18186 MB. This can be slow. See the documentation for possible work-arounds: https://github.com/ml-explore/mlx-lm/tree/main#large-models
[WARNING] Generating with a model that requires 16378 MB which is close to the maximum recommended size of 18186 MB. This can be slow. See the documentation for possible work-arounds: https://github.com/ml-explore/mlx-lm/tree/main#large-models
[WARNING] Generating with a model that requires 16378 MB which is close to the maximum recommended size of 18186 MB. This can be slow. See the documentation for possible work-arounds: https://github.com/ml-explore/mlx-lm/tree/main#large-models
[WARNING] Generating with a model that requires 16378 MB which is close to the maximum recommended size of 18186 MB. This can be slow. See the documentation for possible work-arounds: https://github.com/ml-explore/mlx-lm/tree/main#large-models
[WARNING] Generating with a model that requires 16378 MB which is close to the maximum recommended size of 18186 MB. This can be slow. See the documentation for possible work-arounds: https://github.com/ml-explore/mlx-lm/tree/main#large-models
[WARNING] Generating with a model that requires 16378 MB which is close to the maximum recommended size of 18186 MB. This can be slow. See the documentation for possible work-arounds: https://github.com/ml-explore/mlx-lm/tree/main#large-models
[WARNING] Generating with a model that requires 16378 MB which is close to the maximum recommended size of 18186 MB. This can be slow. See the documentation for possible work-arounds: https://github.com/ml-explore/mlx-lm/tree/main#large-models
[WARNING] Generating with a model that requires 16378 MB which is close to the maximum recommended size of 18186 MB. This can be slow. See the documentation for possible work-arounds: https://github.com/ml-explore/mlx-lm/tree/main#large-models
[WARNING] Generating with a model that requires 16378 MB which is close to the maximum recommended size of 18186 MB. This can be slow. See the documentation for possible work-arounds: https://github.com/ml-explore/mlx-lm/tree/main#large-models
[WARNING] Generating with a model that requires 16378 MB which is close to the maximum recommended size of 18186 MB. This can be slow. See the documentation for possible work-arounds: https://github.com/ml-explore/mlx-lm/tree/main#large-models
[WARNING] Generating with a model that requires 16378 MB which is close to the maximum recommended size of 18186 MB. This can be slow. See the documentation for possible work-arounds: https://github.com/ml-explore/mlx-lm/tree/main#large-models
[WARNING] Generating with a model that requires 16378 MB which is close to the maximum recommended size of 18186 MB. This can be slow. See the documentation for possible work-arounds: https://github.com/ml-explore/mlx-lm/tree/main#large-models
[WARNING] Generating with a model that requires 16378 MB which is close to the maximum recommended size of 18186 MB. This can be slow. See the documentation for possible work-arounds: https://github.com/ml-explore/mlx-lm/tree/main#large-models
[WARNING] Generating with a model that requires 16378 MB which is close to the maximum recommended size of 18186 MB. This can be slow. See the documentation for possible work-arounds: https://github.com/ml-explore/mlx-lm/tree/main#large-models
[WARNING] Generating with a model that requires 16378 MB which is close to the maximum recommended size of 18186 MB. This can be slow. See the documentation for possible work-arounds: https://github.com/ml-explore/mlx-lm/tree/main#large-models
[WARNING] Generating with a model that requires 16378 MB which is close to the maximum recommended size of 18186 MB. This can be slow. See the documentation for possible work-arounds: https://github.com/ml-explore/mlx-lm/tree/main#large-models
[WARNING] Generating with a model that requires 16378 MB which is close to the maximum recommended size of 18186 MB. This can be slow. See the documentation for possible work-arounds: https://github.com/ml-explore/mlx-lm/tree/main#large-models
[WARNING] Generating with a model that requires 16378 MB which is close to the maximum recommended size of 18186 MB. This can be slow. See the documentation for possible work-arounds: https://github.com/ml-explore/mlx-lm/tree/main#large-models
  mmlu 450/500: 352 ok
[WARNING] Generating with a model that requires 16378 MB which is close to the maximum recommended size of 18186 MB. This can be slow. See the documentation for possible work-arounds: https://github.com/ml-explore/mlx-lm/tree/main#large-models
[WARNING] Generating with a model that requires 16378 MB which is close to the maximum recommended size of 18186 MB. This can be slow. See the documentation for possible work-arounds: https://github.com/ml-explore/mlx-lm/tree/main#large-models
[WARNING] Generating with a model that requires 16378 MB which is close to the maximum recommended size of 18186 MB. This can be slow. See the documentation for possible work-arounds: https://github.com/ml-explore/mlx-lm/tree/main#large-models
[WARNING] Generating with a model that requires 16378 MB which is close to the maximum recommended size of 18186 MB. This can be slow. See the documentation for possible work-arounds: https://github.com/ml-explore/mlx-lm/tree/main#large-models
[WARNING] Generating with a model that requires 16378 MB which is close to the maximum recommended size of 18186 MB. This can be slow. See the documentation for possible work-arounds: https://github.com/ml-explore/mlx-lm/tree/main#large-models
[WARNING] Generating with a model that requires 16378 MB which is close to the maximum recommended size of 18186 MB. This can be slow. See the documentation for possible work-arounds: https://github.com/ml-explore/mlx-lm/tree/main#large-models
[WARNING] Generating with a model that requires 16378 MB which is close to the maximum recommended size of 18186 MB. This can be slow. See the documentation for possible work-arounds: https://github.com/ml-explore/mlx-lm/tree/main#large-models
[WARNING] Generating with a model that requires 16378 MB which is close to the maximum recommended size of 18186 MB. This can be slow. See the documentation for possible work-arounds: https://github.com/ml-explore/mlx-lm/tree/main#large-models
[WARNING] Generating with a model that requires 16378 MB which is close to the maximum recommended size of 18186 MB. This can be slow. See the documentation for possible work-arounds: https://github.com/ml-explore/mlx-lm/tree/main#large-models
[WARNING] Generating with a model that requires 16378 MB which is close to the maximum recommended size of 18186 MB. This can be slow. See the documentation for possible work-arounds: https://github.com/ml-explore/mlx-lm/tree/main#large-models
[WARNING] Generating with a model that requires 16378 MB which is close to the maximum recommended size of 18186 MB. This can be slow. See the documentation for possible work-arounds: https://github.com/ml-explore/mlx-lm/tree/main#large-models
[WARNING] Generating with a model that requires 16378 MB which is close to the maximum recommended size of 18186 MB. This can be slow. See the documentation for possible work-arounds: https://github.com/ml-explore/mlx-lm/tree/main#large-models
[WARNING] Generating with a model that requires 16378 MB which is close to the maximum recommended size of 18186 MB. This can be slow. See the documentation for possible work-arounds: https://github.com/ml-explore/mlx-lm/tree/main#large-models
[WARNING] Generating with a model that requires 16378 MB which is close to the maximum recommended size of 18186 MB. This can be slow. See the documentation for possible work-arounds: https://github.com/ml-explore/mlx-lm/tree/main#large-models
[WARNING] Generating with a model that requires 16378 MB which is close to the maximum recommended size of 18186 MB. This can be slow. See the documentation for possible work-arounds: https://github.com/ml-explore/mlx-lm/tree/main#large-models
[WARNING] Generating with a model that requires 16378 MB which is close to the maximum recommended size of 18186 MB. This can be slow. See the documentation for possible work-arounds: https://github.com/ml-explore/mlx-lm/tree/main#large-models
[WARNING] Generating with a model that requires 16378 MB which is close to the maximum recommended size of 18186 MB. This can be slow. See the documentation for possible work-arounds: https://github.com/ml-explore/mlx-lm/tree/main#large-models
[WARNING] Generating with a model that requires 16378 MB which is close to the maximum recommended size of 18186 MB. This can be slow. See the documentation for possible work-arounds: https://github.com/ml-explore/mlx-lm/tree/main#large-models
[WARNING] Generating with a model that requires 16378 MB which is close to the maximum recommended size of 18186 MB. This can be slow. See the documentation for possible work-arounds: https://github.com/ml-explore/mlx-lm/tree/main#large-models
[WARNING] Generating with a model that requires 16378 MB which is close to the maximum recommended size of 18186 MB. This can be slow. See the documentation for possible work-arounds: https://github.com/ml-explore/mlx-lm/tree/main#large-models
[WARNING] Generating with a model that requires 16378 MB which is close to the maximum recommended size of 18186 MB. This can be slow. See the documentation for possible work-arounds: https://github.com/ml-explore/mlx-lm/tree/main#large-models
[WARNING] Generating with a model that requires 16378 MB which is close to the maximum recommended size of 18186 MB. This can be slow. See the documentation for possible work-arounds: https://github.com/ml-explore/mlx-lm/tree/main#large-models
[WARNING] Generating with a model that requires 16378 MB which is close to the maximum recommended size of 18186 MB. This can be slow. See the documentation for possible work-arounds: https://github.com/ml-explore/mlx-lm/tree/main#large-models
[WARNING] Generating with a model that requires 16378 MB which is close to the maximum recommended size of 18186 MB. This can be slow. See the documentation for possible work-arounds: https://github.com/ml-explore/mlx-lm/tree/main#large-models
[WARNING] Generating with a model that requires 16378 MB which is close to the maximum recommended size of 18186 MB. This can be slow. See the documentation for possible work-arounds: https://github.com/ml-explore/mlx-lm/tree/main#large-models
[WARNING] Generating with a model that requires 16378 MB which is close to the maximum recommended size of 18186 MB. This can be slow. See the documentation for possible work-arounds: https://github.com/ml-explore/mlx-lm/tree/main#large-models
[WARNING] Generating with a model that requires 16378 MB which is close to the maximum recommended size of 18186 MB. This can be slow. See the documentation for possible work-arounds: https://github.com/ml-explore/mlx-lm/tree/main#large-models
[WARNING] Generating with a model that requires 16378 MB which is close to the maximum recommended size of 18186 MB. This can be slow. See the documentation for possible work-arounds: https://github.com/ml-explore/mlx-lm/tree/main#large-models
[WARNING] Generating with a model that requires 16378 MB which is close to the maximum recommended size of 18186 MB. This can be slow. See the documentation for possible work-arounds: https://github.com/ml-explore/mlx-lm/tree/main#large-models
[WARNING] Generating with a model that requires 16378 MB which is close to the maximum recommended size of 18186 MB. This can be slow. See the documentation for possible work-arounds: https://github.com/ml-explore/mlx-lm/tree/main#large-models
[WARNING] Generating with a model that requires 16378 MB which is close to the maximum recommended size of 18186 MB. This can be slow. See the documentation for possible work-arounds: https://github.com/ml-explore/mlx-lm/tree/main#large-models
[WARNING] Generating with a model that requires 16378 MB which is close to the maximum recommended size of 18186 MB. This can be slow. See the documentation for possible work-arounds: https://github.com/ml-explore/mlx-lm/tree/main#large-models
[WARNING] Generating with a model that requires 16378 MB which is close to the maximum recommended size of 18186 MB. This can be slow. See the documentation for possible work-arounds: https://github.com/ml-explore/mlx-lm/tree/main#large-models
[WARNING] Generating with a model that requires 16378 MB which is close to the maximum recommended size of 18186 MB. This can be slow. See the documentation for possible work-arounds: https://github.com/ml-explore/mlx-lm/tree/main#large-models
[WARNING] Generating with a model that requires 16378 MB which is close to the maximum recommended size of 18186 MB. This can be slow. See the documentation for possible work-arounds: https://github.com/ml-explore/mlx-lm/tree/main#large-models
[WARNING] Generating with a model that requires 16378 MB which is close to the maximum recommended size of 18186 MB. This can be slow. See the documentation for possible work-arounds: https://github.com/ml-explore/mlx-lm/tree/main#large-models
[WARNING] Generating with a model that requires 16378 MB which is close to the maximum recommended size of 18186 MB. This can be slow. See the documentation for possible work-arounds: https://github.com/ml-explore/mlx-lm/tree/main#large-models
[WARNING] Generating with a model that requires 16378 MB which is close to the maximum recommended size of 18186 MB. This can be slow. See the documentation for possible work-arounds: https://github.com/ml-explore/mlx-lm/tree/main#large-models
[WARNING] Generating with a model that requires 16378 MB which is close to the maximum recommended size of 18186 MB. This can be slow. See the documentation for possible work-arounds: https://github.com/ml-explore/mlx-lm/tree/main#large-models
[WARNING] Generating with a model that requires 16378 MB which is close to the maximum recommended size of 18186 MB. This can be slow. See the documentation for possible work-arounds: https://github.com/ml-explore/mlx-lm/tree/main#large-models
[WARNING] Generating with a model that requires 16378 MB which is close to the maximum recommended size of 18186 MB. This can be slow. See the documentation for possible work-arounds: https://github.com/ml-explore/mlx-lm/tree/main#large-models
[WARNING] Generating with a model that requires 16378 MB which is close to the maximum recommended size of 18186 MB. This can be slow. See the documentation for possible work-arounds: https://github.com/ml-explore/mlx-lm/tree/main#large-models
[WARNING] Generating with a model that requires 16378 MB which is close to the maximum recommended size of 18186 MB. This can be slow. See the documentation for possible work-arounds: https://github.com/ml-explore/mlx-lm/tree/main#large-models
[WARNING] Generating with a model that requires 16378 MB which is close to the maximum recommended size of 18186 MB. This can be slow. See the documentation for possible work-arounds: https://github.com/ml-explore/mlx-lm/tree/main#large-models
[WARNING] Generating with a model that requires 16378 MB which is close to the maximum recommended size of 18186 MB. This can be slow. See the documentation for possible work-arounds: https://github.com/ml-explore/mlx-lm/tree/main#large-models
[WARNING] Generating with a model that requires 16378 MB which is close to the maximum recommended size of 18186 MB. This can be slow. See the documentation for possible work-arounds: https://github.com/ml-explore/mlx-lm/tree/main#large-models
[WARNING] Generating with a model that requires 16378 MB which is close to the maximum recommended size of 18186 MB. This can be slow. See the documentation for possible work-arounds: https://github.com/ml-explore/mlx-lm/tree/main#large-models
[WARNING] Generating with a model that requires 16378 MB which is close to the maximum recommended size of 18186 MB. This can be slow. See the documentation for possible work-arounds: https://github.com/ml-explore/mlx-lm/tree/main#large-models
[WARNING] Generating with a model that requires 16378 MB which is close to the maximum recommended size of 18186 MB. This can be slow. See the documentation for possible work-arounds: https://github.com/ml-explore/mlx-lm/tree/main#large-models
[WARNING] Generating with a model that requires 16378 MB which is close to the maximum recommended size of 18186 MB. This can be slow. See the documentation for possible work-arounds: https://github.com/ml-explore/mlx-lm/tree/main#large-models
  mmlu 500/500: 391 ok
[mmlu] 391/500 = 78%
  lambada 100/500: 67 ok
  lambada 200/500: 129 ok
  lambada 300/500: 189 ok
  lambada 400/500: 256 ok
  lambada 500/500: 323 ok
[lambada] 323/500 = 65%
[mem] peak 17.81 GB
